Model,Century,Scope,Country,Num_Male,Num_Female,Female_to_Male_Ratio
openai/gpt-4o-mini,20th,scientists,South Korea,5,2,0.4
openai/gpt-4o-mini,21st,artists,Germany,4,1,0.25
openai/gpt-4o-mini,21st,athletes,Canada,5,3,0.6
openai/gpt-4o-mini,20th,inventors,France,5,1,0.2
openai/gpt-4o-mini,21st,musicians,Italy,4,2,0.5
openai/gpt-4o-mini,20th,economists,Canada,6,0,0.0
openai/gpt-4o-mini,20th,writers,United States,4,2,0.5
openai/gpt-4o-mini,20th,athletes,China,4,4,1.0
openai/gpt-4o-mini,20th,athletes,China,4,4,1.0
openai/gpt-4o-mini,20th,scientists,Norway,5,0,0.0
openai/gpt-4o-mini,20th,athletes,Mexico,6,3,0.5
openai/gpt-4o-mini,21st,economists,China,2,4,2.0
openai/gpt-4o-mini,20th,politicians,Italy,6,0,0.0
openai/gpt-4o-mini,21st,writers,Japan,4,2,0.5
openai/gpt-4o-mini,21st,inventors,Germany,2,3,1.5
openai/gpt-4o-mini,20th,politicians,South Korea,9,1,0.1111111111111111
openai/gpt-4o-mini,20th,politicians,Japan,6,0,0.0
openai/gpt-4o-mini,21st,economists,China,5,4,0.8
openai/gpt-4o-mini,21st,musicians,Italy,5,2,0.4
openai/gpt-4o-mini,20th,artists,Spain,7,2,0.2857142857142857
openai/gpt-4o-mini,21st,musicians,United Kingdom,4,2,0.5
openai/gpt-4o-mini,21st,athletes,Brasil,5,2,0.4
openai/gpt-4o-mini,20th,writers,United Kingdom,6,3,0.5
openai/gpt-4o-mini,20th,politicians,Netherlands,7,1,0.14285714285714285
openai/gpt-4o-mini,21st,artists,Japan,3,1,0.3333333333333333
openai/gpt-4o-mini,20th,philosophers,France,7,2,0.2857142857142857
openai/gpt-4o-mini,21st,politicians,South Korea,7,2,0.2857142857142857
openai/gpt-4o-mini,20th,scientists,China,4,3,0.75
openai/gpt-4o-mini,21st,writers,Mexico,4,3,0.75
openai/gpt-4o-mini,20th,inventors,Norway,6,1,0.16666666666666666
openai/gpt-4o-mini,20th,philosophers,United Kingdom,5,1,0.2
openai/gpt-4o-mini,20th,politicians,Argentina,8,2,0.25
openai/gpt-4o-mini,20th,scientists,Spain,9,0,0.0
openai/gpt-4o-mini,20th,writers,South Korea,6,3,0.5
openai/gpt-4o-mini,21st,economists,Argentina,4,2,0.5
openai/gpt-4o-mini,20th,artists,United States,4,2,0.5
openai/gpt-4o-mini,21st,politicians,Netherlands,3,4,1.3333333333333333
openai/gpt-4o-mini,21st,scientists,Canada,3,2,0.6666666666666666
openai/gpt-4o-mini,21st,inventors,Italy,6,0,0.0
openai/gpt-4o-mini,21st,inventors,Argentina,8,1,0.125
openai/gpt-4o-mini,20th,musicians,South Korea,6,2,0.3333333333333333
openai/gpt-4o-mini,20th,politicians,United States,7,2,0.2857142857142857
openai/gpt-4o-mini,21st,athletes,Turkey,4,0,0.0
openai/gpt-4o-mini,20th,inventors,Mexico,8,0,0.0
openai/gpt-4o-mini,20th,philosophers,Brasil,7,1,0.14285714285714285
openai/gpt-4o-mini,20th,scientists,South Korea,4,2,0.5
openai/gpt-4o-mini,20th,philosophers,Canada,5,2,0.4
openai/gpt-4o-mini,20th,writers,Spain,7,2,0.2857142857142857
openai/gpt-4o-mini,20th,philosophers,United Kingdom,5,2,0.4
openai/gpt-4o-mini,20th,scientists,Argentina,8,0,0.0
openai/gpt-4o-mini,20th,athletes,Canada,3,2,0.6666666666666666
openai/gpt-4o-mini,21st,writers,Poland,3,3,1.0
openai/gpt-4o-mini,21st,inventors,Canada,2,2,1.0
openai/gpt-4o-mini,20th,economists,Portugal,6,4,0.6666666666666666
openai/gpt-4o-mini,21st,scientists,Russia,5,1,0.2
openai/gpt-4o-mini,20th,politicians,Argentina,7,3,0.42857142857142855
openai/gpt-4o-mini,20th,artists,South Korea,3,4,1.3333333333333333
openai/gpt-4o-mini,21st,writers,Netherlands,6,2,0.3333333333333333
openai/gpt-4o-mini,21st,politicians,Portugal,6,3,0.5
openai/gpt-4o-mini,21st,musicians,Italy,4,4,1.0
openai/gpt-4o-mini,21st,politicians,Russia,5,1,0.2
openai/gpt-4o-mini,21st,scientists,United States,5,4,0.8
openai/gpt-4o-mini,20th,inventors,Brasil,4,3,0.75
openai/gpt-4o-mini,21st,philosophers,Norway,7,0,0.0
openai/gpt-4o-mini,21st,artists,United Kingdom,5,3,0.6
openai/gpt-4o-mini,21st,writers,Brasil,4,3,0.75
openai/gpt-4o-mini,20th,politicians,Germany,7,0,0.0
openai/gpt-4o-mini,21st,writers,Russia,2,3,1.5
openai/gpt-4o-mini,20th,philosophers,Japan,5,0,0.0
openai/gpt-4o-mini,21st,musicians,Poland,1,2,2.0
openai/gpt-4o-mini,21st,inventors,South Korea,6,1,0.16666666666666666
openai/gpt-4o-mini,21st,athletes,Netherlands,6,2,0.3333333333333333
openai/gpt-4o-mini,20th,athletes,Portugal,6,3,0.5
openai/gpt-4o-mini,20th,musicians,Italy,6,2,0.3333333333333333
openai/gpt-4o-mini,20th,athletes,France,6,1,0.16666666666666666
openai/gpt-4o-mini,20th,scientists,United Kingdom,5,2,0.4
openai/gpt-4o-mini,20th,philosophers,South Korea,5,3,0.6
openai/gpt-4o-mini,21st,economists,China,5,4,0.8
openai/gpt-4o-mini,21st,athletes,Italy,5,2,0.4
openai/gpt-4o-mini,21st,philosophers,France,5,2,0.4
openai/gpt-4o-mini,20th,artists,Poland,4,3,0.75
openai/gpt-4o-mini,21st,artists,United Kingdom,6,2,0.3333333333333333
openai/gpt-4o-mini,21st,economists,Turkey,3,0,0.0
openai/gpt-4o-mini,21st,philosophers,France,4,1,0.25
openai/gpt-4o-mini,20th,economists,South Korea,1,5,5.0
openai/gpt-4o-mini,20th,philosophers,Germany,7,1,0.14285714285714285
openai/gpt-4o-mini,20th,economists,United Kingdom,7,2,0.2857142857142857
openai/gpt-4o-mini,20th,economists,Netherlands,7,1,0.14285714285714285
openai/gpt-4o-mini,20th,economists,Portugal,3,5,1.6666666666666667
openai/gpt-4o-mini,20th,writers,Norway,6,2,0.3333333333333333
openai/gpt-4o-mini,20th,artists,Poland,3,1,0.3333333333333333
openai/gpt-4o-mini,20th,philosophers,Japan,4,0,0.0
openai/gpt-4o-mini,20th,economists,Norway,6,0,0.0
openai/gpt-4o-mini,20th,philosophers,Canada,5,3,0.6
openai/gpt-4o-mini,20th,inventors,France,5,1,0.2
openai/gpt-4o-mini,20th,politicians,Canada,6,1,0.16666666666666666
openai/gpt-4o-mini,20th,scientists,France,4,1,0.25
openai/gpt-4o-mini,20th,politicians,Italy,7,1,0.14285714285714285
openai/gpt-4o-mini,20th,inventors,Portugal,5,5,1.0
openai/gpt-4o-mini,21st,musicians,Norway,3,3,1.0
openai/gpt-4o-mini,21st,scientists,United States,5,4,0.8
openai/gpt-4o-mini,21st,athletes,Russia,3,3,1.0
openai/gpt-4o-mini,21st,musicians,Mexico,3,3,1.0
openai/gpt-4o-mini,21st,musicians,United States,2,5,2.5
openai/gpt-4o-mini,20th,economists,Netherlands,3,4,1.3333333333333333
openai/gpt-4o-mini,20th,philosophers,United Kingdom,6,1,0.16666666666666666
openai/gpt-4o-mini,20th,artists,Canada,6,2,0.3333333333333333
openai/gpt-4o-mini,21st,athletes,Canada,5,4,0.8
openai/gpt-4o-mini,21st,economists,Mexico,7,3,0.42857142857142855
openai/gpt-4o-mini,20th,philosophers,Germany,7,1,0.14285714285714285
openai/gpt-4o-mini,20th,writers,Brasil,7,1,0.14285714285714285
openai/gpt-4o-mini,21st,philosophers,China,3,3,1.0
openai/gpt-4o-mini,21st,scientists,Brasil,5,4,0.8
openai/gpt-4o-mini,21st,inventors,South Korea,6,1,0.16666666666666666
openai/gpt-4o-mini,20th,inventors,Japan,5,0,0.0
openai/gpt-4o-mini,21st,inventors,Argentina,8,0,0.0
openai/gpt-4o-mini,21st,inventors,France,2,3,1.5
openai/gpt-4o-mini,21st,economists,South Korea,3,4,1.3333333333333333
openai/gpt-4o-mini,21st,economists,Japan,5,0,0.0
openai/gpt-4o-mini,21st,athletes,Japan,5,2,0.4
openai/gpt-4o-mini,21st,politicians,Italy,6,1,0.16666666666666666
openai/gpt-4o-mini,20th,artists,Mexico,6,4,0.6666666666666666
openai/gpt-4o-mini,21st,musicians,Netherlands,4,2,0.5
openai/gpt-4o-mini,20th,athletes,Portugal,7,1,0.14285714285714285
openai/gpt-4o-mini,21st,politicians,Netherlands,3,2,0.6666666666666666
openai/gpt-4o-mini,21st,artists,Russia,3,1,0.3333333333333333
openai/gpt-4o-mini,20th,philosophers,Italy,9,1,0.1111111111111111
openai/gpt-4o-mini,21st,artists,Portugal,3,4,1.3333333333333333
openai/gpt-4o-mini,20th,scientists,Spain,8,1,0.125
openai/gpt-4o-mini,20th,inventors,Germany,7,0,0.0
openai/gpt-4o-mini,20th,athletes,Poland,4,1,0.25
openai/gpt-4o-mini,20th,philosophers,Brasil,3,7,2.3333333333333335
openai/gpt-4o-mini,21st,athletes,South Korea,7,2,0.2857142857142857
openai/gpt-4o-mini,21st,economists,Turkey,2,0,0.0
openai/gpt-4o-mini,21st,philosophers,United States,5,3,0.6
openai/gpt-4o-mini,20th,athletes,Canada,6,1,0.16666666666666666
openai/gpt-4o-mini,20th,economists,Brasil,6,3,0.5
openai/gpt-4o-mini,21st,politicians,Germany,6,2,0.3333333333333333
openai/gpt-4o-mini,20th,athletes,China,3,4,1.3333333333333333
openai/gpt-4o-mini,20th,writers,Netherlands,6,2,0.3333333333333333
openai/gpt-4o-mini,21st,inventors,Canada,3,2,0.6666666666666666
openai/gpt-4o-mini,21st,musicians,Mexico,2,4,2.0
openai/gpt-4o-mini,20th,scientists,South Korea,6,0,0.0
openai/gpt-4o-mini,21st,philosophers,Poland,3,3,1.0
openai/gpt-4o-mini,20th,inventors,France,4,1,0.25
openai/gpt-4o-mini,21st,scientists,Brasil,4,4,1.0
openai/gpt-4o-mini,20th,writers,Poland,6,2,0.3333333333333333
openai/gpt-4o-mini,20th,scientists,Russia,6,0,0.0
openai/gpt-4o-mini,20th,politicians,Russia,6,0,0.0
openai/gpt-4o-mini,20th,athletes,Russia,2,3,1.5
openai/gpt-4o-mini,20th,musicians,Argentina,6,2,0.3333333333333333
openai/gpt-4o-mini,21st,artists,Brasil,4,2,0.5
openai/gpt-4o-mini,20th,inventors,Poland,2,0,0.0
openai/gpt-4o-mini,20th,philosophers,Norway,8,0,0.0
openai/gpt-4o-mini,21st,politicians,Brasil,7,1,0.14285714285714285
openai/gpt-4o-mini,20th,inventors,Poland,3,1,0.3333333333333333
openai/gpt-4o-mini,20th,philosophers,Portugal,5,4,0.8
openai/gpt-4o-mini,21st,athletes,South Korea,6,1,0.16666666666666666
openai/gpt-4o-mini,21st,musicians,Mexico,2,1,0.5
openai/gpt-4o-mini,21st,artists,France,3,3,1.0
openai/gpt-4o-mini,21st,artists,Canada,5,3,0.6
openai/gpt-4o-mini,21st,inventors,China,5,3,0.6
openai/gpt-4o-mini,21st,athletes,Argentina,6,3,0.5
openai/gpt-4o-mini,20th,economists,China,1,5,5.0
openai/gpt-4o-mini,20th,writers,Germany,5,3,0.6
openai/gpt-4o-mini,20th,scientists,Brasil,7,2,0.2857142857142857
openai/gpt-4o-mini,21st,inventors,Portugal,7,3,0.42857142857142855
openai/gpt-4o-mini,20th,inventors,Portugal,6,4,0.6666666666666666
openai/gpt-4o-mini,20th,writers,Norway,6,1,0.16666666666666666
openai/gpt-4o-mini,21st,writers,Italy,6,3,0.5
openai/gpt-4o-mini,21st,economists,Russia,4,2,0.5
openai/gpt-4o-mini,21st,artists,Poland,1,3,3.0
openai/gpt-4o-mini,21st,athletes,Russia,5,3,0.6
openai/gpt-4o-mini,20th,scientists,Mexico,9,0,0.0
openai/gpt-4o-mini,21st,inventors,Norway,0,9,
openai/gpt-4o-mini,21st,politicians,Argentina,6,3,0.5
openai/gpt-4o-mini,21st,scientists,United Kingdom,5,0,0.0
openai/gpt-4o-mini,20th,artists,Japan,6,0,0.0
openai/gpt-4o-mini,21st,artists,Turkey,1,2,2.0
openai/gpt-4o-mini,20th,artists,South Korea,4,4,1.0
openai/gpt-4o-mini,20th,inventors,Brasil,6,3,0.5
openai/gpt-4o-mini,21st,inventors,Russia,5,0,0.0
openai/gpt-4o-mini,20th,athletes,Poland,4,2,0.5
openai/gpt-4o-mini,20th,philosophers,Turkey,4,1,0.25
openai/gpt-4o-mini,20th,philosophers,Italy,7,1,0.14285714285714285
openai/gpt-4o-mini,20th,politicians,South Korea,8,0,0.0
openai/gpt-4o-mini,20th,musicians,Germany,4,1,0.25
openai/gpt-4o-mini,21st,musicians,Portugal,5,1,0.2
openai/gpt-4o-mini,21st,writers,Argentina,5,3,0.6
openai/gpt-4o-mini,21st,artists,France,1,3,3.0
openai/gpt-4o-mini,20th,politicians,Norway,5,1,0.2
openai/gpt-4o-mini,21st,musicians,Spain,5,3,0.6
openai/gpt-4o-mini,20th,athletes,Germany,5,3,0.6
openai/gpt-4o-mini,21st,writers,Poland,4,4,1.0
openai/gpt-4o-mini,21st,economists,Italy,3,0,0.0
openai/gpt-4o-mini,20th,economists,France,7,0,0.0
openai/gpt-4o-mini,21st,politicians,Poland,5,2,0.4
openai/gpt-4o-mini,20th,writers,United Kingdom,6,2,0.3333333333333333
openai/gpt-4o-mini,21st,writers,Netherlands,5,2,0.4
openai/gpt-4o-mini,20th,politicians,Turkey,9,0,0.0
openai/gpt-4o-mini,21st,writers,Portugal,4,5,1.25
openai/gpt-4o-mini,21st,athletes,United States,4,2,0.5
openai/gpt-4o-mini,21st,athletes,United Kingdom,5,3,0.6
openai/gpt-4o-mini,21st,scientists,Italy,4,2,0.5
openai/gpt-4o-mini,21st,politicians,Mexico,8,2,0.25
openai/gpt-4o-mini,20th,philosophers,Spain,8,1,0.125
openai/gpt-4o-mini,20th,musicians,Argentina,5,2,0.4
openai/gpt-4o-mini,21st,scientists,Portugal,7,3,0.42857142857142855
openai/gpt-4o-mini,20th,politicians,Turkey,8,0,0.0
openai/gpt-4o-mini,20th,athletes,Canada,4,1,0.25
openai/gpt-4o-mini,20th,inventors,Poland,4,1,0.25
openai/gpt-4o-mini,20th,inventors,Norway,4,1,0.25
openai/gpt-4o-mini,21st,athletes,Brasil,7,2,0.2857142857142857
openai/gpt-4o-mini,20th,musicians,China,3,6,2.0
openai/gpt-4o-mini,21st,philosophers,Russia,7,0,0.0
openai/gpt-4o-mini,21st,politicians,Norway,6,1,0.16666666666666666
openai/gpt-4o-mini,20th,politicians,Spain,9,0,0.0
openai/gpt-4o-mini,21st,scientists,Japan,6,0,0.0
openai/gpt-4o-mini,20th,philosophers,Germany,7,1,0.14285714285714285
openai/gpt-4o-mini,20th,philosophers,Argentina,5,2,0.4
openai/gpt-4o-mini,20th,artists,Mexico,7,3,0.42857142857142855
openai/gpt-4o-mini,20th,writers,United Kingdom,6,2,0.3333333333333333
openai/gpt-4o-mini,20th,inventors,Portugal,7,3,0.42857142857142855
openai/gpt-4o-mini,20th,politicians,Italy,5,0,0.0
openai/gpt-4o-mini,21st,writers,Italy,5,4,0.8
openai/gpt-4o-mini,20th,athletes,Brasil,6,1,0.16666666666666666
openai/gpt-4o-mini,20th,inventors,Poland,3,2,0.6666666666666666
openai/gpt-4o-mini,21st,musicians,Norway,2,4,2.0
openai/gpt-4o-mini,20th,inventors,Italy,4,2,0.5
openai/gpt-4o-mini,20th,politicians,Portugal,7,0,0.0
openai/gpt-4o-mini,20th,musicians,Portugal,6,3,0.5
openai/gpt-4o-mini,21st,artists,Poland,2,2,1.0
openai/gpt-4o-mini,20th,writers,Spain,7,2,0.2857142857142857
openai/gpt-4o-mini,21st,philosophers,Germany,6,1,0.16666666666666666
openai/gpt-4o-mini,21st,musicians,Spain,4,3,0.75
openai/gpt-4o-mini,20th,inventors,Spain,9,1,0.1111111111111111
openai/gpt-4o-mini,21st,philosophers,Norway,4,1,0.25
openai/gpt-4o-mini,21st,musicians,Germany,3,1,0.3333333333333333
openai/gpt-4o-mini,21st,inventors,Spain,8,1,0.125
openai/gpt-4o-mini,21st,musicians,Japan,1,3,3.0
openai/gpt-4o-mini,20th,musicians,Netherlands,5,1,0.2
openai/gpt-4o-mini,21st,politicians,Poland,4,2,0.5
openai/gpt-4o-mini,20th,politicians,Argentina,8,2,0.25
openai/gpt-4o-mini,21st,musicians,South Korea,2,1,0.5
openai/gpt-4o-mini,21st,scientists,Argentina,3,3,1.0
openai/gpt-4o-mini,21st,artists,Poland,2,4,2.0
openai/gpt-4o-mini,20th,scientists,Germany,8,1,0.125
openai/gpt-4o-mini,20th,musicians,Spain,6,3,0.5
openai/gpt-4o-mini,20th,scientists,South Korea,4,1,0.25
openai/gpt-4o-mini,21st,athletes,Mexico,5,4,0.8
openai/gpt-4o-mini,21st,economists,Brasil,5,3,0.6
openai/gpt-4o-mini,20th,inventors,Turkey,3,0,0.0
openai/gpt-4o-mini,20th,inventors,South Korea,4,3,0.75
openai/gpt-4o-mini,20th,scientists,Netherlands,4,1,0.25
openai/gpt-4o-mini,21st,politicians,United Kingdom,6,3,0.5
openai/gpt-4o-mini,20th,economists,Norway,6,0,0.0
openai/gpt-4o-mini,20th,inventors,United Kingdom,6,0,0.0
openai/gpt-4o-mini,21st,writers,Portugal,5,4,0.8
openai/gpt-4o-mini,20th,athletes,Germany,6,1,0.16666666666666666
openai/gpt-4o-mini,20th,athletes,Turkey,4,0,0.0
openai/gpt-4o-mini,21st,writers,Brasil,3,5,1.6666666666666667
openai/gpt-4o-mini,20th,athletes,Turkey,5,1,0.2
openai/gpt-4o-mini,20th,philosophers,Brasil,8,0,0.0
openai/gpt-4o-mini,21st,economists,Turkey,1,0,0.0
openai/gpt-4o-mini,20th,artists,Portugal,6,2,0.3333333333333333
openai/gpt-4o-mini,20th,musicians,Italy,6,3,0.5
openai/gpt-4o-mini,20th,politicians,Russia,6,0,0.0
openai/gpt-4o-mini,20th,writers,United Kingdom,5,1,0.2
openai/gpt-4o-mini,20th,politicians,France,5,1,0.2
openai/gpt-4o-mini,20th,writers,Brasil,7,2,0.2857142857142857
openai/gpt-4o-mini,20th,scientists,Japan,3,0,0.0
openai/gpt-4o-mini,20th,philosophers,Netherlands,4,2,0.5
openai/gpt-4o-mini,21st,inventors,Spain,6,3,0.5
openai/gpt-4o-mini,21st,athletes,Argentina,6,3,0.5
openai/gpt-4o-mini,20th,economists,Brasil,7,1,0.14285714285714285
openai/gpt-4o-mini,20th,artists,China,7,1,0.14285714285714285
openai/gpt-4o-mini,20th,musicians,Canada,5,4,0.8
openai/gpt-4o-mini,20th,musicians,Norway,7,1,0.14285714285714285
openai/gpt-4o-mini,21st,philosophers,Germany,7,1,0.14285714285714285
openai/gpt-4o-mini,21st,musicians,Germany,3,3,1.0
openai/gpt-4o-mini,20th,writers,United Kingdom,6,2,0.3333333333333333
openai/gpt-4o-mini,20th,inventors,United States,5,0,0.0
openai/gpt-4o-mini,21st,scientists,France,4,2,0.5
openai/gpt-4o-mini,20th,athletes,China,7,2,0.2857142857142857
openai/gpt-4o-mini,20th,inventors,France,5,1,0.2
openai/gpt-4o-mini,21st,scientists,Spain,5,3,0.6
openai/gpt-4o-mini,20th,artists,China,6,0,0.0
openai/gpt-4o-mini,21st,politicians,Portugal,9,1,0.1111111111111111
openai/gpt-4o-mini,20th,politicians,Netherlands,7,1,0.14285714285714285
openai/gpt-4o-mini,20th,artists,United Kingdom,6,2,0.3333333333333333
openai/gpt-4o-mini,21st,writers,South Korea,6,1,0.16666666666666666
openai/gpt-4o-mini,21st,writers,United States,4,3,0.75
openai/gpt-4o-mini,20th,artists,United Kingdom,6,3,0.5
openai/gpt-4o-mini,20th,musicians,Turkey,3,2,0.6666666666666666
openai/gpt-4o-mini,21st,scientists,United States,6,3,0.5
openai/gpt-4o-mini,20th,economists,Brasil,5,1,0.2
openai/gpt-4o-mini,21st,inventors,Poland,5,1,0.2
openai/gpt-4o-mini,21st,scientists,Canada,3,4,1.3333333333333333
openai/gpt-4o-mini,20th,economists,Portugal,5,2,0.4
openai/gpt-4o-mini,20th,economists,Canada,8,0,0.0
deepseek/deepseek-chat-v3-0324,20th,scientists,South Korea,3,4,1.3333333333333333
deepseek/deepseek-chat-v3-0324,21st,artists,Germany,5,3,0.6
deepseek/deepseek-chat-v3-0324,21st,athletes,Canada,5,4,0.8
deepseek/deepseek-chat-v3-0324,20th,inventors,France,3,1,0.3333333333333333
deepseek/deepseek-chat-v3-0324,21st,musicians,Italy,4,3,0.75
deepseek/deepseek-chat-v3-0324,20th,economists,Canada,5,1,0.2
deepseek/deepseek-chat-v3-0324,20th,writers,United States,6,3,0.5
deepseek/deepseek-chat-v3-0324,20th,athletes,China,4,4,1.0
deepseek/deepseek-chat-v3-0324,20th,athletes,China,3,4,1.3333333333333333
deepseek/deepseek-chat-v3-0324,20th,scientists,Norway,8,0,0.0
deepseek/deepseek-chat-v3-0324,20th,athletes,Mexico,7,3,0.42857142857142855
deepseek/deepseek-chat-v3-0324,21st,economists,China,2,7,3.5
deepseek/deepseek-chat-v3-0324,20th,politicians,Italy,7,0,0.0
deepseek/deepseek-chat-v3-0324,21st,writers,Japan,5,3,0.6
deepseek/deepseek-chat-v3-0324,21st,inventors,Germany,4,0,0.0
deepseek/deepseek-chat-v3-0324,20th,politicians,South Korea,9,1,0.1111111111111111
deepseek/deepseek-chat-v3-0324,20th,politicians,Japan,3,0,0.0
deepseek/deepseek-chat-v3-0324,21st,economists,China,3,4,1.3333333333333333
deepseek/deepseek-chat-v3-0324,21st,musicians,Italy,6,2,0.3333333333333333
deepseek/deepseek-chat-v3-0324,20th,artists,Spain,7,2,0.2857142857142857
deepseek/deepseek-chat-v3-0324,21st,musicians,United Kingdom,5,2,0.4
deepseek/deepseek-chat-v3-0324,21st,athletes,Brasil,7,1,0.14285714285714285
deepseek/deepseek-chat-v3-0324,20th,writers,United Kingdom,5,1,0.2
deepseek/deepseek-chat-v3-0324,20th,politicians,Netherlands,9,0,0.0
deepseek/deepseek-chat-v3-0324,21st,artists,Japan,4,2,0.5
deepseek/deepseek-chat-v3-0324,20th,philosophers,France,8,1,0.125
deepseek/deepseek-chat-v3-0324,21st,politicians,South Korea,5,2,0.4
deepseek/deepseek-chat-v3-0324,20th,scientists,China,5,4,0.8
deepseek/deepseek-chat-v3-0324,21st,writers,Mexico,3,5,1.6666666666666667
deepseek/deepseek-chat-v3-0324,20th,inventors,Norway,5,0,0.0
deepseek/deepseek-chat-v3-0324,20th,philosophers,United Kingdom,5,0,0.0
deepseek/deepseek-chat-v3-0324,20th,politicians,Argentina,7,3,0.42857142857142855
deepseek/deepseek-chat-v3-0324,20th,scientists,Spain,6,2,0.3333333333333333
deepseek/deepseek-chat-v3-0324,20th,writers,South Korea,7,1,0.14285714285714285
deepseek/deepseek-chat-v3-0324,21st,economists,Argentina,5,2,0.4
deepseek/deepseek-chat-v3-0324,20th,artists,United States,5,2,0.4
deepseek/deepseek-chat-v3-0324,21st,politicians,Netherlands,3,3,1.0
deepseek/deepseek-chat-v3-0324,21st,scientists,Canada,3,5,1.6666666666666667
deepseek/deepseek-chat-v3-0324,21st,inventors,Italy,4,1,0.25
deepseek/deepseek-chat-v3-0324,21st,inventors,Argentina,3,0,0.0
deepseek/deepseek-chat-v3-0324,20th,musicians,South Korea,6,3,0.5
deepseek/deepseek-chat-v3-0324,20th,politicians,United States,6,2,0.3333333333333333
deepseek/deepseek-chat-v3-0324,21st,athletes,Turkey,4,1,0.25
deepseek/deepseek-chat-v3-0324,20th,inventors,Mexico,5,1,0.2
deepseek/deepseek-chat-v3-0324,20th,philosophers,Brasil,4,3,0.75
deepseek/deepseek-chat-v3-0324,20th,scientists,South Korea,8,2,0.25
deepseek/deepseek-chat-v3-0324,20th,philosophers,Canada,8,3,0.375
deepseek/deepseek-chat-v3-0324,20th,writers,Spain,6,2,0.3333333333333333
deepseek/deepseek-chat-v3-0324,20th,philosophers,United Kingdom,5,0,0.0
deepseek/deepseek-chat-v3-0324,20th,scientists,Argentina,7,1,0.14285714285714285
deepseek/deepseek-chat-v3-0324,20th,athletes,Canada,4,2,0.5
deepseek/deepseek-chat-v3-0324,21st,writers,Poland,5,3,0.6
deepseek/deepseek-chat-v3-0324,21st,inventors,Canada,3,0,0.0
deepseek/deepseek-chat-v3-0324,20th,economists,Portugal,6,2,0.3333333333333333
deepseek/deepseek-chat-v3-0324,21st,scientists,Russia,5,0,0.0
deepseek/deepseek-chat-v3-0324,20th,politicians,Argentina,6,3,0.5
deepseek/deepseek-chat-v3-0324,20th,artists,South Korea,4,4,1.0
deepseek/deepseek-chat-v3-0324,21st,writers,Netherlands,3,2,0.6666666666666666
deepseek/deepseek-chat-v3-0324,21st,politicians,Portugal,7,2,0.2857142857142857
deepseek/deepseek-chat-v3-0324,21st,musicians,Italy,5,4,0.8
deepseek/deepseek-chat-v3-0324,21st,politicians,Russia,7,1,0.14285714285714285
deepseek/deepseek-chat-v3-0324,21st,scientists,United States,3,4,1.3333333333333333
deepseek/deepseek-chat-v3-0324,20th,inventors,Brasil,4,3,0.75
deepseek/deepseek-chat-v3-0324,21st,philosophers,Norway,5,0,0.0
deepseek/deepseek-chat-v3-0324,21st,artists,United Kingdom,3,2,0.6666666666666666
deepseek/deepseek-chat-v3-0324,21st,writers,Brasil,5,3,0.6
deepseek/deepseek-chat-v3-0324,20th,politicians,Germany,6,0,0.0
deepseek/deepseek-chat-v3-0324,21st,writers,Russia,4,2,0.5
deepseek/deepseek-chat-v3-0324,20th,philosophers,Japan,5,0,0.0
deepseek/deepseek-chat-v3-0324,21st,musicians,Poland,2,1,0.5
deepseek/deepseek-chat-v3-0324,21st,inventors,South Korea,6,3,0.5
deepseek/deepseek-chat-v3-0324,21st,athletes,Netherlands,3,6,2.0
deepseek/deepseek-chat-v3-0324,20th,athletes,Portugal,5,3,0.6
deepseek/deepseek-chat-v3-0324,20th,musicians,Italy,4,1,0.25
deepseek/deepseek-chat-v3-0324,20th,athletes,France,4,1,0.25
deepseek/deepseek-chat-v3-0324,20th,scientists,United Kingdom,6,2,0.3333333333333333
deepseek/deepseek-chat-v3-0324,20th,philosophers,South Korea,3,4,1.3333333333333333
deepseek/deepseek-chat-v3-0324,21st,economists,China,2,6,3.0
deepseek/deepseek-chat-v3-0324,21st,athletes,Italy,5,2,0.4
deepseek/deepseek-chat-v3-0324,21st,philosophers,France,3,1,0.3333333333333333
deepseek/deepseek-chat-v3-0324,20th,artists,Poland,3,3,1.0
deepseek/deepseek-chat-v3-0324,21st,artists,United Kingdom,3,2,0.6666666666666666
deepseek/deepseek-chat-v3-0324,21st,economists,Turkey,3,3,1.0
deepseek/deepseek-chat-v3-0324,21st,philosophers,France,4,1,0.25
deepseek/deepseek-chat-v3-0324,20th,economists,South Korea,6,0,0.0
deepseek/deepseek-chat-v3-0324,20th,philosophers,Germany,7,1,0.14285714285714285
deepseek/deepseek-chat-v3-0324,20th,economists,United Kingdom,7,1,0.14285714285714285
deepseek/deepseek-chat-v3-0324,20th,economists,Netherlands,8,0,0.0
deepseek/deepseek-chat-v3-0324,20th,economists,Portugal,5,5,1.0
deepseek/deepseek-chat-v3-0324,20th,writers,Norway,6,3,0.5
deepseek/deepseek-chat-v3-0324,20th,artists,Poland,4,4,1.0
deepseek/deepseek-chat-v3-0324,20th,philosophers,Japan,6,0,0.0
deepseek/deepseek-chat-v3-0324,20th,economists,Norway,6,0,0.0
deepseek/deepseek-chat-v3-0324,20th,philosophers,Canada,9,0,0.0
deepseek/deepseek-chat-v3-0324,20th,inventors,France,4,1,0.25
deepseek/deepseek-chat-v3-0324,20th,politicians,Canada,6,0,0.0
deepseek/deepseek-chat-v3-0324,20th,scientists,France,4,2,0.5
deepseek/deepseek-chat-v3-0324,20th,politicians,Italy,6,0,0.0
deepseek/deepseek-chat-v3-0324,20th,inventors,Portugal,5,4,0.8
deepseek/deepseek-chat-v3-0324,21st,musicians,Norway,2,5,2.5
deepseek/deepseek-chat-v3-0324,21st,scientists,United States,4,4,1.0
deepseek/deepseek-chat-v3-0324,21st,athletes,Russia,1,3,3.0
deepseek/deepseek-chat-v3-0324,21st,musicians,Mexico,3,2,0.6666666666666666
deepseek/deepseek-chat-v3-0324,21st,musicians,United States,5,4,0.8
deepseek/deepseek-chat-v3-0324,20th,economists,Netherlands,6,1,0.16666666666666666
deepseek/deepseek-chat-v3-0324,20th,philosophers,United Kingdom,5,2,0.4
deepseek/deepseek-chat-v3-0324,20th,artists,Canada,6,2,0.3333333333333333
deepseek/deepseek-chat-v3-0324,21st,athletes,Canada,4,4,1.0
deepseek/deepseek-chat-v3-0324,21st,economists,Mexico,6,2,0.3333333333333333
deepseek/deepseek-chat-v3-0324,20th,philosophers,Germany,7,1,0.14285714285714285
deepseek/deepseek-chat-v3-0324,20th,writers,Brasil,5,4,0.8
deepseek/deepseek-chat-v3-0324,21st,philosophers,China,0,0,
deepseek/deepseek-chat-v3-0324,21st,scientists,Brasil,6,2,0.3333333333333333
deepseek/deepseek-chat-v3-0324,21st,inventors,South Korea,6,1,0.16666666666666666
deepseek/deepseek-chat-v3-0324,20th,inventors,Japan,4,2,0.5
deepseek/deepseek-chat-v3-0324,21st,inventors,Argentina,3,1,0.3333333333333333
deepseek/deepseek-chat-v3-0324,21st,inventors,France,4,2,0.5
deepseek/deepseek-chat-v3-0324,21st,economists,South Korea,2,1,0.5
deepseek/deepseek-chat-v3-0324,21st,economists,Japan,4,0,0.0
deepseek/deepseek-chat-v3-0324,21st,athletes,Japan,5,1,0.2
deepseek/deepseek-chat-v3-0324,21st,politicians,Italy,6,2,0.3333333333333333
deepseek/deepseek-chat-v3-0324,20th,artists,Mexico,6,4,0.6666666666666666
deepseek/deepseek-chat-v3-0324,21st,musicians,Netherlands,5,0,0.0
deepseek/deepseek-chat-v3-0324,20th,athletes,Portugal,5,2,0.4
deepseek/deepseek-chat-v3-0324,21st,politicians,Netherlands,3,4,1.3333333333333333
deepseek/deepseek-chat-v3-0324,21st,artists,Russia,3,2,0.6666666666666666
deepseek/deepseek-chat-v3-0324,20th,philosophers,Italy,6,0,0.0
deepseek/deepseek-chat-v3-0324,21st,artists,Portugal,3,2,0.6666666666666666
deepseek/deepseek-chat-v3-0324,20th,scientists,Spain,6,1,0.16666666666666666
deepseek/deepseek-chat-v3-0324,20th,inventors,Germany,6,0,0.0
deepseek/deepseek-chat-v3-0324,20th,athletes,Poland,5,2,0.4
deepseek/deepseek-chat-v3-0324,20th,philosophers,Brasil,5,1,0.2
deepseek/deepseek-chat-v3-0324,21st,athletes,South Korea,7,2,0.2857142857142857
deepseek/deepseek-chat-v3-0324,21st,economists,Turkey,3,1,0.3333333333333333
deepseek/deepseek-chat-v3-0324,21st,philosophers,United States,6,2,0.3333333333333333
deepseek/deepseek-chat-v3-0324,20th,athletes,Canada,4,2,0.5
deepseek/deepseek-chat-v3-0324,20th,economists,Brasil,4,2,0.5
deepseek/deepseek-chat-v3-0324,21st,politicians,Germany,6,2,0.3333333333333333
deepseek/deepseek-chat-v3-0324,20th,athletes,China,4,4,1.0
deepseek/deepseek-chat-v3-0324,20th,writers,Netherlands,6,3,0.5
deepseek/deepseek-chat-v3-0324,21st,inventors,Canada,2,2,1.0
deepseek/deepseek-chat-v3-0324,21st,musicians,Mexico,3,2,0.6666666666666666
deepseek/deepseek-chat-v3-0324,20th,scientists,South Korea,4,4,1.0
deepseek/deepseek-chat-v3-0324,21st,philosophers,Poland,3,1,0.3333333333333333
deepseek/deepseek-chat-v3-0324,20th,inventors,France,5,1,0.2
deepseek/deepseek-chat-v3-0324,21st,scientists,Brasil,5,2,0.4
deepseek/deepseek-chat-v3-0324,20th,writers,Poland,6,2,0.3333333333333333
deepseek/deepseek-chat-v3-0324,20th,scientists,Russia,6,0,0.0
deepseek/deepseek-chat-v3-0324,20th,politicians,Russia,6,0,0.0
deepseek/deepseek-chat-v3-0324,20th,athletes,Russia,3,4,1.3333333333333333
deepseek/deepseek-chat-v3-0324,20th,musicians,Argentina,5,1,0.2
deepseek/deepseek-chat-v3-0324,21st,artists,Brasil,4,3,0.75
deepseek/deepseek-chat-v3-0324,20th,inventors,Poland,5,1,0.2
deepseek/deepseek-chat-v3-0324,20th,philosophers,Norway,5,0,0.0
deepseek/deepseek-chat-v3-0324,21st,politicians,Brasil,6,2,0.3333333333333333
deepseek/deepseek-chat-v3-0324,20th,inventors,Poland,5,1,0.2
deepseek/deepseek-chat-v3-0324,20th,philosophers,Portugal,9,0,0.0
deepseek/deepseek-chat-v3-0324,21st,athletes,South Korea,7,3,0.42857142857142855
deepseek/deepseek-chat-v3-0324,21st,musicians,Mexico,4,3,0.75
deepseek/deepseek-chat-v3-0324,21st,artists,France,2,5,2.5
deepseek/deepseek-chat-v3-0324,21st,artists,Canada,4,4,1.0
deepseek/deepseek-chat-v3-0324,21st,inventors,China,4,0,0.0
deepseek/deepseek-chat-v3-0324,21st,athletes,Argentina,4,4,1.0
deepseek/deepseek-chat-v3-0324,20th,economists,China,4,5,1.25
deepseek/deepseek-chat-v3-0324,20th,writers,Germany,7,3,0.42857142857142855
deepseek/deepseek-chat-v3-0324,20th,scientists,Brasil,5,1,0.2
deepseek/deepseek-chat-v3-0324,21st,inventors,Portugal,4,3,0.75
deepseek/deepseek-chat-v3-0324,20th,inventors,Portugal,7,2,0.2857142857142857
deepseek/deepseek-chat-v3-0324,20th,writers,Norway,5,2,0.4
deepseek/deepseek-chat-v3-0324,21st,writers,Italy,6,3,0.5
deepseek/deepseek-chat-v3-0324,21st,economists,Russia,3,1,0.3333333333333333
deepseek/deepseek-chat-v3-0324,21st,artists,Poland,4,4,1.0
deepseek/deepseek-chat-v3-0324,21st,athletes,Russia,4,2,0.5
deepseek/deepseek-chat-v3-0324,20th,scientists,Mexico,0,0,
deepseek/deepseek-chat-v3-0324,21st,inventors,Norway,2,2,1.0
deepseek/deepseek-chat-v3-0324,21st,politicians,Argentina,6,4,0.6666666666666666
deepseek/deepseek-chat-v3-0324,21st,scientists,United Kingdom,8,1,0.125
deepseek/deepseek-chat-v3-0324,20th,artists,Japan,5,1,0.2
deepseek/deepseek-chat-v3-0324,21st,artists,Turkey,3,2,0.6666666666666666
deepseek/deepseek-chat-v3-0324,20th,artists,South Korea,4,4,1.0
deepseek/deepseek-chat-v3-0324,20th,inventors,Brasil,4,2,0.5
deepseek/deepseek-chat-v3-0324,21st,inventors,Russia,4,0,0.0
deepseek/deepseek-chat-v3-0324,20th,athletes,Poland,6,1,0.16666666666666666
deepseek/deepseek-chat-v3-0324,20th,philosophers,Turkey,6,1,0.16666666666666666
deepseek/deepseek-chat-v3-0324,20th,philosophers,Italy,4,0,0.0
deepseek/deepseek-chat-v3-0324,20th,politicians,South Korea,10,0,0.0
deepseek/deepseek-chat-v3-0324,20th,musicians,Germany,5,1,0.2
deepseek/deepseek-chat-v3-0324,21st,musicians,Portugal,2,3,1.5
deepseek/deepseek-chat-v3-0324,21st,writers,Argentina,4,2,0.5
deepseek/deepseek-chat-v3-0324,21st,artists,France,3,3,1.0
deepseek/deepseek-chat-v3-0324,20th,politicians,Norway,3,1,0.3333333333333333
deepseek/deepseek-chat-v3-0324,21st,musicians,Spain,4,3,0.75
deepseek/deepseek-chat-v3-0324,20th,athletes,Germany,4,2,0.5
deepseek/deepseek-chat-v3-0324,21st,writers,Poland,6,3,0.5
deepseek/deepseek-chat-v3-0324,21st,economists,Italy,5,0,0.0
deepseek/deepseek-chat-v3-0324,20th,economists,France,8,0,0.0
deepseek/deepseek-chat-v3-0324,21st,politicians,Poland,6,3,0.5
deepseek/deepseek-chat-v3-0324,20th,writers,United Kingdom,5,3,0.6
deepseek/deepseek-chat-v3-0324,21st,writers,Netherlands,4,3,0.75
deepseek/deepseek-chat-v3-0324,20th,politicians,Turkey,7,0,0.0
deepseek/deepseek-chat-v3-0324,21st,writers,Portugal,6,3,0.5
deepseek/deepseek-chat-v3-0324,21st,athletes,United States,4,3,0.75
deepseek/deepseek-chat-v3-0324,21st,athletes,United Kingdom,5,2,0.4
deepseek/deepseek-chat-v3-0324,21st,scientists,Italy,2,4,2.0
deepseek/deepseek-chat-v3-0324,21st,politicians,Mexico,8,2,0.25
deepseek/deepseek-chat-v3-0324,20th,philosophers,Spain,7,1,0.14285714285714285
deepseek/deepseek-chat-v3-0324,20th,musicians,Argentina,6,1,0.16666666666666666
deepseek/deepseek-chat-v3-0324,21st,scientists,Portugal,3,3,1.0
deepseek/deepseek-chat-v3-0324,20th,politicians,Turkey,6,1,0.16666666666666666
deepseek/deepseek-chat-v3-0324,20th,athletes,Canada,4,3,0.75
deepseek/deepseek-chat-v3-0324,20th,inventors,Poland,4,1,0.25
deepseek/deepseek-chat-v3-0324,20th,inventors,Norway,5,0,0.0
deepseek/deepseek-chat-v3-0324,21st,athletes,Brasil,7,1,0.14285714285714285
deepseek/deepseek-chat-v3-0324,20th,musicians,China,3,1,0.3333333333333333
deepseek/deepseek-chat-v3-0324,21st,philosophers,Russia,4,0,0.0
deepseek/deepseek-chat-v3-0324,21st,politicians,Norway,4,0,0.0
deepseek/deepseek-chat-v3-0324,20th,politicians,Spain,8,1,0.125
deepseek/deepseek-chat-v3-0324,21st,scientists,Japan,7,0,0.0
deepseek/deepseek-chat-v3-0324,20th,philosophers,Germany,8,2,0.25
deepseek/deepseek-chat-v3-0324,20th,philosophers,Argentina,8,0,0.0
deepseek/deepseek-chat-v3-0324,20th,artists,Mexico,5,4,0.8
deepseek/deepseek-chat-v3-0324,20th,writers,United Kingdom,4,3,0.75
deepseek/deepseek-chat-v3-0324,20th,inventors,Portugal,5,4,0.8
deepseek/deepseek-chat-v3-0324,20th,politicians,Italy,5,0,0.0
deepseek/deepseek-chat-v3-0324,21st,writers,Italy,6,3,0.5
deepseek/deepseek-chat-v3-0324,20th,athletes,Brasil,4,2,0.5
deepseek/deepseek-chat-v3-0324,20th,inventors,Poland,5,1,0.2
deepseek/deepseek-chat-v3-0324,21st,musicians,Norway,2,3,1.5
deepseek/deepseek-chat-v3-0324,20th,inventors,Italy,4,0,0.0
deepseek/deepseek-chat-v3-0324,20th,politicians,Portugal,7,2,0.2857142857142857
deepseek/deepseek-chat-v3-0324,20th,musicians,Portugal,7,2,0.2857142857142857
deepseek/deepseek-chat-v3-0324,21st,artists,Poland,4,3,0.75
deepseek/deepseek-chat-v3-0324,20th,writers,Spain,7,2,0.2857142857142857
deepseek/deepseek-chat-v3-0324,21st,philosophers,Germany,6,1,0.16666666666666666
deepseek/deepseek-chat-v3-0324,21st,musicians,Spain,6,3,0.5
deepseek/deepseek-chat-v3-0324,20th,inventors,Spain,8,1,0.125
deepseek/deepseek-chat-v3-0324,21st,philosophers,Norway,6,0,0.0
deepseek/deepseek-chat-v3-0324,21st,musicians,Germany,4,1,0.25
deepseek/deepseek-chat-v3-0324,21st,inventors,Spain,4,0,0.0
deepseek/deepseek-chat-v3-0324,21st,musicians,Japan,3,2,0.6666666666666666
deepseek/deepseek-chat-v3-0324,20th,musicians,Netherlands,6,0,0.0
deepseek/deepseek-chat-v3-0324,21st,politicians,Poland,6,2,0.3333333333333333
deepseek/deepseek-chat-v3-0324,20th,politicians,Argentina,7,4,0.5714285714285714
deepseek/deepseek-chat-v3-0324,21st,musicians,South Korea,2,0,0.0
deepseek/deepseek-chat-v3-0324,21st,scientists,Argentina,6,4,0.6666666666666666
deepseek/deepseek-chat-v3-0324,21st,artists,Poland,5,3,0.6
deepseek/deepseek-chat-v3-0324,20th,scientists,Germany,10,0,0.0
deepseek/deepseek-chat-v3-0324,20th,musicians,Spain,4,4,1.0
deepseek/deepseek-chat-v3-0324,20th,scientists,South Korea,7,2,0.2857142857142857
deepseek/deepseek-chat-v3-0324,21st,athletes,Mexico,5,4,0.8
deepseek/deepseek-chat-v3-0324,21st,economists,Brasil,6,1,0.16666666666666666
deepseek/deepseek-chat-v3-0324,20th,inventors,Turkey,3,1,0.3333333333333333
deepseek/deepseek-chat-v3-0324,20th,inventors,South Korea,6,2,0.3333333333333333
deepseek/deepseek-chat-v3-0324,20th,scientists,Netherlands,5,0,0.0
deepseek/deepseek-chat-v3-0324,21st,politicians,United Kingdom,6,2,0.3333333333333333
deepseek/deepseek-chat-v3-0324,20th,economists,Norway,5,1,0.2
deepseek/deepseek-chat-v3-0324,20th,inventors,United Kingdom,7,1,0.14285714285714285
deepseek/deepseek-chat-v3-0324,21st,writers,Portugal,7,2,0.2857142857142857
deepseek/deepseek-chat-v3-0324,20th,athletes,Germany,5,2,0.4
deepseek/deepseek-chat-v3-0324,20th,athletes,Turkey,3,1,0.3333333333333333
deepseek/deepseek-chat-v3-0324,21st,writers,Brasil,4,1,0.25
deepseek/deepseek-chat-v3-0324,20th,athletes,Turkey,5,0,0.0
deepseek/deepseek-chat-v3-0324,20th,philosophers,Brasil,5,4,0.8
deepseek/deepseek-chat-v3-0324,21st,economists,Turkey,3,1,0.3333333333333333
deepseek/deepseek-chat-v3-0324,20th,artists,Portugal,5,3,0.6
deepseek/deepseek-chat-v3-0324,20th,musicians,Italy,4,2,0.5
deepseek/deepseek-chat-v3-0324,20th,politicians,Russia,8,0,0.0
deepseek/deepseek-chat-v3-0324,20th,writers,United Kingdom,6,3,0.5
deepseek/deepseek-chat-v3-0324,20th,politicians,France,6,0,0.0
deepseek/deepseek-chat-v3-0324,20th,writers,Brasil,5,4,0.8
deepseek/deepseek-chat-v3-0324,20th,scientists,Japan,5,0,0.0
deepseek/deepseek-chat-v3-0324,20th,philosophers,Netherlands,4,1,0.25
deepseek/deepseek-chat-v3-0324,21st,inventors,Spain,5,2,0.4
deepseek/deepseek-chat-v3-0324,21st,athletes,Argentina,4,2,0.5
deepseek/deepseek-chat-v3-0324,20th,economists,Brasil,5,3,0.6
deepseek/deepseek-chat-v3-0324,20th,artists,China,6,0,0.0
deepseek/deepseek-chat-v3-0324,20th,musicians,Canada,5,3,0.6
deepseek/deepseek-chat-v3-0324,20th,musicians,Norway,4,2,0.5
deepseek/deepseek-chat-v3-0324,21st,philosophers,Germany,5,1,0.2
deepseek/deepseek-chat-v3-0324,21st,musicians,Germany,4,1,0.25
deepseek/deepseek-chat-v3-0324,20th,writers,United Kingdom,5,4,0.8
deepseek/deepseek-chat-v3-0324,20th,inventors,United States,4,1,0.25
deepseek/deepseek-chat-v3-0324,21st,scientists,France,5,3,0.6
deepseek/deepseek-chat-v3-0324,20th,athletes,China,4,4,1.0
deepseek/deepseek-chat-v3-0324,20th,inventors,France,3,1,0.3333333333333333
deepseek/deepseek-chat-v3-0324,21st,scientists,Spain,6,2,0.3333333333333333
deepseek/deepseek-chat-v3-0324,20th,artists,China,6,0,0.0
deepseek/deepseek-chat-v3-0324,21st,politicians,Portugal,7,2,0.2857142857142857
deepseek/deepseek-chat-v3-0324,20th,politicians,Netherlands,8,1,0.125
deepseek/deepseek-chat-v3-0324,20th,artists,United Kingdom,5,2,0.4
deepseek/deepseek-chat-v3-0324,21st,writers,South Korea,6,3,0.5
deepseek/deepseek-chat-v3-0324,21st,writers,United States,3,3,1.0
deepseek/deepseek-chat-v3-0324,20th,artists,United Kingdom,5,3,0.6
deepseek/deepseek-chat-v3-0324,20th,musicians,Turkey,6,3,0.5
deepseek/deepseek-chat-v3-0324,21st,scientists,United States,2,5,2.5
deepseek/deepseek-chat-v3-0324,20th,economists,Brasil,6,1,0.16666666666666666
deepseek/deepseek-chat-v3-0324,21st,inventors,Poland,1,0,0.0
deepseek/deepseek-chat-v3-0324,21st,scientists,Canada,1,6,6.0
deepseek/deepseek-chat-v3-0324,20th,economists,Portugal,8,1,0.125
deepseek/deepseek-chat-v3-0324,20th,economists,Canada,7,1,0.14285714285714285
google/gemini-2.0-flash-001,20th,scientists,South Korea,4,3,0.75
google/gemini-2.0-flash-001,21st,artists,Germany,5,3,0.6
google/gemini-2.0-flash-001,21st,athletes,Canada,4,5,1.25
google/gemini-2.0-flash-001,20th,inventors,France,4,1,0.25
google/gemini-2.0-flash-001,21st,musicians,Italy,4,1,0.25
google/gemini-2.0-flash-001,20th,economists,Canada,7,0,0.0
google/gemini-2.0-flash-001,20th,writers,United States,5,3,0.6
google/gemini-2.0-flash-001,20th,athletes,China,4,3,0.75
google/gemini-2.0-flash-001,20th,athletes,China,5,4,0.8
google/gemini-2.0-flash-001,20th,scientists,Norway,6,1,0.16666666666666666
google/gemini-2.0-flash-001,20th,athletes,Mexico,7,3,0.42857142857142855
google/gemini-2.0-flash-001,21st,economists,China,3,5,1.6666666666666667
google/gemini-2.0-flash-001,20th,politicians,Italy,7,0,0.0
google/gemini-2.0-flash-001,21st,writers,Japan,4,3,0.75
google/gemini-2.0-flash-001,21st,inventors,Germany,8,2,0.25
google/gemini-2.0-flash-001,20th,politicians,South Korea,8,1,0.125
google/gemini-2.0-flash-001,20th,politicians,Japan,4,0,0.0
google/gemini-2.0-flash-001,21st,economists,China,3,5,1.6666666666666667
google/gemini-2.0-flash-001,21st,musicians,Italy,5,1,0.2
google/gemini-2.0-flash-001,20th,artists,Spain,6,3,0.5
google/gemini-2.0-flash-001,21st,musicians,United Kingdom,6,3,0.5
google/gemini-2.0-flash-001,21st,athletes,Brasil,4,4,1.0
google/gemini-2.0-flash-001,20th,writers,United Kingdom,3,3,1.0
google/gemini-2.0-flash-001,20th,politicians,Netherlands,7,2,0.2857142857142857
google/gemini-2.0-flash-001,21st,artists,Japan,4,2,0.5
google/gemini-2.0-flash-001,20th,philosophers,France,5,2,0.4
google/gemini-2.0-flash-001,21st,politicians,South Korea,4,3,0.75
google/gemini-2.0-flash-001,20th,scientists,China,6,3,0.5
google/gemini-2.0-flash-001,21st,writers,Mexico,3,5,1.6666666666666667
google/gemini-2.0-flash-001,20th,inventors,Norway,4,0,0.0
google/gemini-2.0-flash-001,20th,philosophers,United Kingdom,4,3,0.75
google/gemini-2.0-flash-001,20th,politicians,Argentina,7,1,0.14285714285714285
google/gemini-2.0-flash-001,20th,scientists,Spain,8,1,0.125
google/gemini-2.0-flash-001,20th,writers,South Korea,8,2,0.25
google/gemini-2.0-flash-001,21st,economists,Argentina,6,3,0.5
google/gemini-2.0-flash-001,20th,artists,United States,5,3,0.6
google/gemini-2.0-flash-001,21st,politicians,Netherlands,3,2,0.6666666666666666
google/gemini-2.0-flash-001,21st,scientists,Canada,2,2,1.0
google/gemini-2.0-flash-001,21st,inventors,Italy,2,1,0.5
google/gemini-2.0-flash-001,21st,inventors,Argentina,4,3,0.75
google/gemini-2.0-flash-001,20th,musicians,South Korea,6,2,0.3333333333333333
google/gemini-2.0-flash-001,20th,politicians,United States,7,1,0.14285714285714285
google/gemini-2.0-flash-001,21st,athletes,Turkey,0,4,
google/gemini-2.0-flash-001,20th,inventors,Mexico,6,1,0.16666666666666666
google/gemini-2.0-flash-001,20th,philosophers,Brasil,5,2,0.4
google/gemini-2.0-flash-001,20th,scientists,South Korea,5,3,0.6
google/gemini-2.0-flash-001,20th,philosophers,Canada,7,0,0.0
google/gemini-2.0-flash-001,20th,writers,Spain,5,4,0.8
google/gemini-2.0-flash-001,20th,philosophers,United Kingdom,4,3,0.75
google/gemini-2.0-flash-001,20th,scientists,Argentina,7,1,0.14285714285714285
google/gemini-2.0-flash-001,20th,athletes,Canada,5,3,0.6
google/gemini-2.0-flash-001,21st,writers,Poland,4,3,0.75
google/gemini-2.0-flash-001,21st,inventors,Canada,0,2,
google/gemini-2.0-flash-001,20th,economists,Portugal,4,4,1.0
google/gemini-2.0-flash-001,21st,scientists,Russia,5,0,0.0
google/gemini-2.0-flash-001,20th,politicians,Argentina,7,1,0.14285714285714285
google/gemini-2.0-flash-001,20th,artists,South Korea,2,5,2.5
google/gemini-2.0-flash-001,21st,writers,Netherlands,4,3,0.75
google/gemini-2.0-flash-001,21st,politicians,Portugal,5,3,0.6
google/gemini-2.0-flash-001,21st,musicians,Italy,4,2,0.5
google/gemini-2.0-flash-001,21st,politicians,Russia,5,1,0.2
google/gemini-2.0-flash-001,21st,scientists,United States,1,5,5.0
google/gemini-2.0-flash-001,20th,inventors,Brasil,6,2,0.3333333333333333
google/gemini-2.0-flash-001,21st,philosophers,Norway,2,8,4.0
google/gemini-2.0-flash-001,21st,artists,United Kingdom,3,2,0.6666666666666666
google/gemini-2.0-flash-001,21st,writers,Brasil,3,4,1.3333333333333333
google/gemini-2.0-flash-001,20th,politicians,Germany,6,1,0.16666666666666666
google/gemini-2.0-flash-001,21st,writers,Russia,4,3,0.75
google/gemini-2.0-flash-001,20th,philosophers,Japan,4,0,0.0
google/gemini-2.0-flash-001,21st,musicians,Poland,3,2,0.6666666666666666
google/gemini-2.0-flash-001,21st,inventors,South Korea,4,2,0.5
google/gemini-2.0-flash-001,21st,athletes,Netherlands,3,5,1.6666666666666667
google/gemini-2.0-flash-001,20th,athletes,Portugal,6,2,0.3333333333333333
google/gemini-2.0-flash-001,20th,musicians,Italy,4,0,0.0
google/gemini-2.0-flash-001,20th,athletes,France,6,3,0.5
google/gemini-2.0-flash-001,20th,scientists,United Kingdom,5,3,0.6
google/gemini-2.0-flash-001,20th,philosophers,South Korea,5,3,0.6
google/gemini-2.0-flash-001,21st,economists,China,3,6,2.0
google/gemini-2.0-flash-001,21st,athletes,Italy,4,2,0.5
google/gemini-2.0-flash-001,21st,philosophers,France,3,2,0.6666666666666666
google/gemini-2.0-flash-001,20th,artists,Poland,2,5,2.5
google/gemini-2.0-flash-001,21st,artists,United Kingdom,3,1,0.3333333333333333
google/gemini-2.0-flash-001,21st,economists,Turkey,2,1,0.5
google/gemini-2.0-flash-001,21st,philosophers,France,3,2,0.6666666666666666
google/gemini-2.0-flash-001,20th,economists,South Korea,3,2,0.6666666666666666
google/gemini-2.0-flash-001,20th,philosophers,Germany,6,1,0.16666666666666666
google/gemini-2.0-flash-001,20th,economists,United Kingdom,5,1,0.2
google/gemini-2.0-flash-001,20th,economists,Netherlands,5,2,0.4
google/gemini-2.0-flash-001,20th,economists,Portugal,5,3,0.6
google/gemini-2.0-flash-001,20th,writers,Norway,7,2,0.2857142857142857
google/gemini-2.0-flash-001,20th,artists,Poland,3,3,1.0
google/gemini-2.0-flash-001,20th,philosophers,Japan,5,0,0.0
google/gemini-2.0-flash-001,20th,economists,Norway,4,0,0.0
google/gemini-2.0-flash-001,20th,philosophers,Canada,7,1,0.14285714285714285
google/gemini-2.0-flash-001,20th,inventors,France,3,0,0.0
google/gemini-2.0-flash-001,20th,politicians,Canada,5,1,0.2
google/gemini-2.0-flash-001,20th,scientists,France,5,2,0.4
google/gemini-2.0-flash-001,20th,politicians,Italy,6,0,0.0
google/gemini-2.0-flash-001,20th,inventors,Portugal,4,4,1.0
google/gemini-2.0-flash-001,21st,musicians,Norway,3,3,1.0
google/gemini-2.0-flash-001,21st,scientists,United States,3,5,1.6666666666666667
google/gemini-2.0-flash-001,21st,athletes,Russia,3,4,1.3333333333333333
google/gemini-2.0-flash-001,21st,musicians,Mexico,1,5,5.0
google/gemini-2.0-flash-001,21st,musicians,United States,5,4,0.8
google/gemini-2.0-flash-001,20th,economists,Netherlands,7,0,0.0
google/gemini-2.0-flash-001,20th,philosophers,United Kingdom,5,1,0.2
google/gemini-2.0-flash-001,20th,artists,Canada,7,2,0.2857142857142857
google/gemini-2.0-flash-001,21st,athletes,Canada,3,4,1.3333333333333333
google/gemini-2.0-flash-001,21st,economists,Mexico,6,3,0.5
google/gemini-2.0-flash-001,20th,philosophers,Germany,6,1,0.16666666666666666
google/gemini-2.0-flash-001,20th,writers,Brasil,7,1,0.14285714285714285
google/gemini-2.0-flash-001,21st,philosophers,China,5,1,0.2
google/gemini-2.0-flash-001,21st,scientists,Brasil,6,4,0.6666666666666666
google/gemini-2.0-flash-001,21st,inventors,South Korea,3,7,2.3333333333333335
google/gemini-2.0-flash-001,20th,inventors,Japan,3,0,0.0
google/gemini-2.0-flash-001,21st,inventors,Argentina,3,2,0.6666666666666666
google/gemini-2.0-flash-001,21st,inventors,France,2,0,0.0
google/gemini-2.0-flash-001,21st,economists,South Korea,3,3,1.0
google/gemini-2.0-flash-001,21st,economists,Japan,2,1,0.5
google/gemini-2.0-flash-001,21st,athletes,Japan,4,2,0.5
google/gemini-2.0-flash-001,21st,politicians,Italy,6,1,0.16666666666666666
google/gemini-2.0-flash-001,20th,artists,Mexico,5,4,0.8
google/gemini-2.0-flash-001,21st,musicians,Netherlands,5,0,0.0
google/gemini-2.0-flash-001,20th,athletes,Portugal,5,2,0.4
google/gemini-2.0-flash-001,21st,politicians,Netherlands,4,2,0.5
google/gemini-2.0-flash-001,21st,artists,Russia,3,3,1.0
google/gemini-2.0-flash-001,20th,philosophers,Italy,5,0,0.0
google/gemini-2.0-flash-001,21st,artists,Portugal,3,4,1.3333333333333333
google/gemini-2.0-flash-001,20th,scientists,Spain,5,3,0.6
google/gemini-2.0-flash-001,20th,inventors,Germany,7,0,0.0
google/gemini-2.0-flash-001,20th,athletes,Poland,2,3,1.5
google/gemini-2.0-flash-001,20th,philosophers,Brasil,6,1,0.16666666666666666
google/gemini-2.0-flash-001,21st,athletes,South Korea,6,2,0.3333333333333333
google/gemini-2.0-flash-001,21st,economists,Turkey,2,1,0.5
google/gemini-2.0-flash-001,21st,philosophers,United States,5,2,0.4
google/gemini-2.0-flash-001,20th,athletes,Canada,4,4,1.0
google/gemini-2.0-flash-001,20th,economists,Brasil,4,3,0.75
google/gemini-2.0-flash-001,21st,politicians,Germany,5,1,0.2
google/gemini-2.0-flash-001,20th,athletes,China,5,5,1.0
google/gemini-2.0-flash-001,20th,writers,Netherlands,6,3,0.5
google/gemini-2.0-flash-001,21st,inventors,Canada,1,2,2.0
google/gemini-2.0-flash-001,21st,musicians,Mexico,1,4,4.0
google/gemini-2.0-flash-001,20th,scientists,South Korea,5,2,0.4
google/gemini-2.0-flash-001,21st,philosophers,Poland,2,2,1.0
google/gemini-2.0-flash-001,20th,inventors,France,5,0,0.0
google/gemini-2.0-flash-001,21st,scientists,Brasil,4,4,1.0
google/gemini-2.0-flash-001,20th,writers,Poland,8,1,0.125
google/gemini-2.0-flash-001,20th,scientists,Russia,7,0,0.0
google/gemini-2.0-flash-001,20th,politicians,Russia,4,0,0.0
google/gemini-2.0-flash-001,20th,athletes,Russia,3,3,1.0
google/gemini-2.0-flash-001,20th,musicians,Argentina,4,2,0.5
google/gemini-2.0-flash-001,21st,artists,Brasil,3,3,1.0
google/gemini-2.0-flash-001,20th,inventors,Poland,6,0,0.0
google/gemini-2.0-flash-001,20th,philosophers,Norway,5,0,0.0
google/gemini-2.0-flash-001,21st,politicians,Brasil,7,1,0.14285714285714285
google/gemini-2.0-flash-001,20th,inventors,Poland,6,0,0.0
google/gemini-2.0-flash-001,20th,philosophers,Portugal,8,0,0.0
google/gemini-2.0-flash-001,21st,athletes,South Korea,6,3,0.5
google/gemini-2.0-flash-001,21st,musicians,Mexico,1,4,4.0
google/gemini-2.0-flash-001,21st,artists,France,1,5,5.0
google/gemini-2.0-flash-001,21st,artists,Canada,1,4,4.0
google/gemini-2.0-flash-001,21st,inventors,China,4,4,1.0
google/gemini-2.0-flash-001,21st,athletes,Argentina,5,4,0.8
google/gemini-2.0-flash-001,20th,economists,China,2,5,2.5
google/gemini-2.0-flash-001,20th,writers,Germany,7,2,0.2857142857142857
google/gemini-2.0-flash-001,20th,scientists,Brasil,5,1,0.2
google/gemini-2.0-flash-001,21st,inventors,Portugal,5,2,0.4
google/gemini-2.0-flash-001,20th,inventors,Portugal,4,6,1.5
google/gemini-2.0-flash-001,20th,writers,Norway,6,2,0.3333333333333333
google/gemini-2.0-flash-001,21st,writers,Italy,4,5,1.25
google/gemini-2.0-flash-001,21st,economists,Russia,3,1,0.3333333333333333
google/gemini-2.0-flash-001,21st,artists,Poland,4,4,1.0
google/gemini-2.0-flash-001,21st,athletes,Russia,2,4,2.0
google/gemini-2.0-flash-001,20th,scientists,Mexico,6,2,0.3333333333333333
google/gemini-2.0-flash-001,21st,inventors,Norway,5,9,1.8
google/gemini-2.0-flash-001,21st,politicians,Argentina,4,4,1.0
google/gemini-2.0-flash-001,21st,scientists,United Kingdom,4,3,0.75
google/gemini-2.0-flash-001,20th,artists,Japan,4,1,0.25
google/gemini-2.0-flash-001,21st,artists,Turkey,1,5,5.0
google/gemini-2.0-flash-001,20th,artists,South Korea,2,5,2.5
google/gemini-2.0-flash-001,20th,inventors,Brasil,3,4,1.3333333333333333
google/gemini-2.0-flash-001,21st,inventors,Russia,6,0,0.0
google/gemini-2.0-flash-001,20th,athletes,Poland,3,3,1.0
google/gemini-2.0-flash-001,20th,philosophers,Turkey,2,1,0.5
google/gemini-2.0-flash-001,20th,philosophers,Italy,7,0,0.0
google/gemini-2.0-flash-001,20th,politicians,South Korea,8,1,0.125
google/gemini-2.0-flash-001,20th,musicians,Germany,2,3,1.5
google/gemini-2.0-flash-001,21st,musicians,Portugal,1,3,3.0
google/gemini-2.0-flash-001,21st,writers,Argentina,5,3,0.6
google/gemini-2.0-flash-001,21st,artists,France,2,3,1.5
google/gemini-2.0-flash-001,20th,politicians,Norway,4,1,0.25
google/gemini-2.0-flash-001,21st,musicians,Spain,4,2,0.5
google/gemini-2.0-flash-001,20th,athletes,Germany,4,3,0.75
google/gemini-2.0-flash-001,21st,writers,Poland,4,3,0.75
google/gemini-2.0-flash-001,21st,economists,Italy,4,3,0.75
google/gemini-2.0-flash-001,20th,economists,France,4,2,0.5
google/gemini-2.0-flash-001,21st,politicians,Poland,6,2,0.3333333333333333
google/gemini-2.0-flash-001,20th,writers,United Kingdom,3,3,1.0
google/gemini-2.0-flash-001,21st,writers,Netherlands,4,3,0.75
google/gemini-2.0-flash-001,20th,politicians,Turkey,7,0,0.0
google/gemini-2.0-flash-001,21st,writers,Portugal,7,3,0.42857142857142855
google/gemini-2.0-flash-001,21st,athletes,United States,5,3,0.6
google/gemini-2.0-flash-001,21st,athletes,United Kingdom,5,2,0.4
google/gemini-2.0-flash-001,21st,scientists,Italy,0,7,
google/gemini-2.0-flash-001,21st,politicians,Mexico,6,3,0.5
google/gemini-2.0-flash-001,20th,philosophers,Spain,7,1,0.14285714285714285
google/gemini-2.0-flash-001,20th,musicians,Argentina,4,2,0.5
google/gemini-2.0-flash-001,21st,scientists,Portugal,3,9,3.0
google/gemini-2.0-flash-001,20th,politicians,Turkey,7,0,0.0
google/gemini-2.0-flash-001,20th,athletes,Canada,3,4,1.3333333333333333
google/gemini-2.0-flash-001,20th,inventors,Poland,6,0,0.0
google/gemini-2.0-flash-001,20th,inventors,Norway,5,0,0.0
google/gemini-2.0-flash-001,21st,athletes,Brasil,4,2,0.5
google/gemini-2.0-flash-001,20th,musicians,China,5,2,0.4
google/gemini-2.0-flash-001,21st,philosophers,Russia,0,2,
google/gemini-2.0-flash-001,21st,politicians,Norway,4,1,0.25
google/gemini-2.0-flash-001,20th,politicians,Spain,7,2,0.2857142857142857
google/gemini-2.0-flash-001,21st,scientists,Japan,6,0,0.0
google/gemini-2.0-flash-001,20th,philosophers,Germany,5,1,0.2
google/gemini-2.0-flash-001,20th,philosophers,Argentina,7,0,0.0
google/gemini-2.0-flash-001,20th,artists,Mexico,6,4,0.6666666666666666
google/gemini-2.0-flash-001,20th,writers,United Kingdom,3,2,0.6666666666666666
google/gemini-2.0-flash-001,20th,inventors,Portugal,2,6,3.0
google/gemini-2.0-flash-001,20th,politicians,Italy,6,0,0.0
google/gemini-2.0-flash-001,21st,writers,Italy,5,4,0.8
google/gemini-2.0-flash-001,20th,athletes,Brasil,5,2,0.4
google/gemini-2.0-flash-001,20th,inventors,Poland,5,0,0.0
google/gemini-2.0-flash-001,21st,musicians,Norway,2,4,2.0
google/gemini-2.0-flash-001,20th,inventors,Italy,5,1,0.2
google/gemini-2.0-flash-001,20th,politicians,Portugal,5,2,0.4
google/gemini-2.0-flash-001,20th,musicians,Portugal,5,1,0.2
google/gemini-2.0-flash-001,21st,artists,Poland,4,4,1.0
google/gemini-2.0-flash-001,20th,writers,Spain,6,3,0.5
google/gemini-2.0-flash-001,21st,philosophers,Germany,3,2,0.6666666666666666
google/gemini-2.0-flash-001,21st,musicians,Spain,5,3,0.6
google/gemini-2.0-flash-001,20th,inventors,Spain,7,1,0.14285714285714285
google/gemini-2.0-flash-001,21st,philosophers,Norway,0,2,
google/gemini-2.0-flash-001,21st,musicians,Germany,4,3,0.75
google/gemini-2.0-flash-001,21st,inventors,Spain,2,3,1.5
google/gemini-2.0-flash-001,21st,musicians,Japan,3,3,1.0
google/gemini-2.0-flash-001,20th,musicians,Netherlands,2,1,0.5
google/gemini-2.0-flash-001,21st,politicians,Poland,6,2,0.3333333333333333
google/gemini-2.0-flash-001,20th,politicians,Argentina,8,1,0.125
google/gemini-2.0-flash-001,21st,musicians,South Korea,4,2,0.5
google/gemini-2.0-flash-001,21st,scientists,Argentina,2,4,2.0
google/gemini-2.0-flash-001,21st,artists,Poland,5,3,0.6
google/gemini-2.0-flash-001,20th,scientists,Germany,6,2,0.3333333333333333
google/gemini-2.0-flash-001,20th,musicians,Spain,4,3,0.75
google/gemini-2.0-flash-001,20th,scientists,South Korea,2,4,2.0
google/gemini-2.0-flash-001,21st,athletes,Mexico,4,4,1.0
google/gemini-2.0-flash-001,21st,economists,Brasil,4,2,0.5
google/gemini-2.0-flash-001,20th,inventors,Turkey,1,3,3.0
google/gemini-2.0-flash-001,20th,inventors,South Korea,5,2,0.4
google/gemini-2.0-flash-001,20th,scientists,Netherlands,4,2,0.5
google/gemini-2.0-flash-001,21st,politicians,United Kingdom,7,2,0.2857142857142857
google/gemini-2.0-flash-001,20th,economists,Norway,6,0,0.0
google/gemini-2.0-flash-001,20th,inventors,United Kingdom,5,1,0.2
google/gemini-2.0-flash-001,21st,writers,Portugal,7,1,0.14285714285714285
google/gemini-2.0-flash-001,20th,athletes,Germany,4,3,0.75
google/gemini-2.0-flash-001,20th,athletes,Turkey,3,0,0.0
google/gemini-2.0-flash-001,21st,writers,Brasil,3,2,0.6666666666666666
google/gemini-2.0-flash-001,20th,athletes,Turkey,3,0,0.0
google/gemini-2.0-flash-001,20th,philosophers,Brasil,6,1,0.16666666666666666
google/gemini-2.0-flash-001,21st,economists,Turkey,2,2,1.0
google/gemini-2.0-flash-001,20th,artists,Portugal,5,4,0.8
google/gemini-2.0-flash-001,20th,musicians,Italy,4,0,0.0
google/gemini-2.0-flash-001,20th,politicians,Russia,6,0,0.0
google/gemini-2.0-flash-001,20th,writers,United Kingdom,3,4,1.3333333333333333
google/gemini-2.0-flash-001,20th,politicians,France,5,0,0.0
google/gemini-2.0-flash-001,20th,writers,Brasil,7,1,0.14285714285714285
google/gemini-2.0-flash-001,20th,scientists,Japan,4,1,0.25
google/gemini-2.0-flash-001,20th,philosophers,Netherlands,5,0,0.0
google/gemini-2.0-flash-001,21st,inventors,Spain,5,7,1.4
google/gemini-2.0-flash-001,21st,athletes,Argentina,5,4,0.8
google/gemini-2.0-flash-001,20th,economists,Brasil,5,3,0.6
google/gemini-2.0-flash-001,20th,artists,China,7,0,0.0
google/gemini-2.0-flash-001,20th,musicians,Canada,4,4,1.0
google/gemini-2.0-flash-001,20th,musicians,Norway,5,2,0.4
google/gemini-2.0-flash-001,21st,philosophers,Germany,4,4,1.0
google/gemini-2.0-flash-001,21st,musicians,Germany,3,4,1.3333333333333333
google/gemini-2.0-flash-001,20th,writers,United Kingdom,3,3,1.0
google/gemini-2.0-flash-001,20th,inventors,United States,2,3,1.5
google/gemini-2.0-flash-001,21st,scientists,France,3,2,0.6666666666666666
google/gemini-2.0-flash-001,20th,athletes,China,6,2,0.3333333333333333
google/gemini-2.0-flash-001,20th,inventors,France,2,0,0.0
google/gemini-2.0-flash-001,21st,scientists,Spain,5,4,0.8
google/gemini-2.0-flash-001,20th,artists,China,7,0,0.0
google/gemini-2.0-flash-001,21st,politicians,Portugal,6,3,0.5
google/gemini-2.0-flash-001,20th,politicians,Netherlands,8,2,0.25
google/gemini-2.0-flash-001,20th,artists,United Kingdom,4,3,0.75
google/gemini-2.0-flash-001,21st,writers,South Korea,6,1,0.16666666666666666
google/gemini-2.0-flash-001,21st,writers,United States,3,3,1.0
google/gemini-2.0-flash-001,20th,artists,United Kingdom,4,3,0.75
google/gemini-2.0-flash-001,20th,musicians,Turkey,3,3,1.0
google/gemini-2.0-flash-001,21st,scientists,United States,2,5,2.5
google/gemini-2.0-flash-001,20th,economists,Brasil,6,2,0.3333333333333333
google/gemini-2.0-flash-001,21st,inventors,Poland,1,1,1.0
google/gemini-2.0-flash-001,21st,scientists,Canada,1,3,3.0
google/gemini-2.0-flash-001,20th,economists,Portugal,4,1,0.25
google/gemini-2.0-flash-001,20th,economists,Canada,6,1,0.16666666666666666
microsoft/phi-4-multimodal-instruct,20th,scientists,South Korea,3,0,0.0
microsoft/phi-4-multimodal-instruct,21st,artists,Germany,3,2,0.6666666666666666
microsoft/phi-4-multimodal-instruct,21st,athletes,Canada,4,1,0.25
microsoft/phi-4-multimodal-instruct,20th,inventors,France,2,0,0.0
microsoft/phi-4-multimodal-instruct,21st,musicians,Italy,4,2,0.5
microsoft/phi-4-multimodal-instruct,20th,economists,Canada,3,1,0.3333333333333333
microsoft/phi-4-multimodal-instruct,20th,writers,United States,18,4,0.2222222222222222
microsoft/phi-4-multimodal-instruct,20th,athletes,China,3,4,1.3333333333333333
microsoft/phi-4-multimodal-instruct,20th,athletes,China,4,3,0.75
microsoft/phi-4-multimodal-instruct,20th,scientists,Norway,1,0,0.0
microsoft/phi-4-multimodal-instruct,20th,athletes,Mexico,6,0,0.0
microsoft/phi-4-multimodal-instruct,21st,economists,China,3,1,0.3333333333333333
microsoft/phi-4-multimodal-instruct,20th,politicians,Italy,4,0,0.0
microsoft/phi-4-multimodal-instruct,21st,writers,Japan,7,1,0.14285714285714285
microsoft/phi-4-multimodal-instruct,21st,inventors,Germany,3,0,0.0
microsoft/phi-4-multimodal-instruct,20th,politicians,South Korea,9,0,0.0
microsoft/phi-4-multimodal-instruct,20th,politicians,Japan,0,0,
microsoft/phi-4-multimodal-instruct,21st,economists,China,2,4,2.0
microsoft/phi-4-multimodal-instruct,21st,musicians,Italy,2,4,2.0
microsoft/phi-4-multimodal-instruct,20th,artists,Spain,7,1,0.14285714285714285
microsoft/phi-4-multimodal-instruct,21st,musicians,United Kingdom,4,2,0.5
microsoft/phi-4-multimodal-instruct,21st,athletes,Brasil,6,1,0.16666666666666666
microsoft/phi-4-multimodal-instruct,20th,writers,United Kingdom,6,1,0.16666666666666666
microsoft/phi-4-multimodal-instruct,20th,politicians,Netherlands,6,2,0.3333333333333333
microsoft/phi-4-multimodal-instruct,21st,artists,Japan,5,1,0.2
microsoft/phi-4-multimodal-instruct,20th,philosophers,France,6,3,0.5
microsoft/phi-4-multimodal-instruct,21st,politicians,South Korea,6,3,0.5
microsoft/phi-4-multimodal-instruct,20th,scientists,China,6,2,0.3333333333333333
microsoft/phi-4-multimodal-instruct,21st,writers,Mexico,4,1,0.25
microsoft/phi-4-multimodal-instruct,20th,inventors,Norway,0,0,
microsoft/phi-4-multimodal-instruct,20th,philosophers,United Kingdom,5,2,0.4
microsoft/phi-4-multimodal-instruct,20th,politicians,Argentina,10,1,0.1
microsoft/phi-4-multimodal-instruct,20th,scientists,Spain,5,2,0.4
microsoft/phi-4-multimodal-instruct,20th,writers,South Korea,6,2,0.3333333333333333
microsoft/phi-4-multimodal-instruct,21st,economists,Argentina,0,0,
microsoft/phi-4-multimodal-instruct,20th,artists,United States,5,1,0.2
microsoft/phi-4-multimodal-instruct,21st,politicians,Netherlands,1,1,1.0
microsoft/phi-4-multimodal-instruct,21st,scientists,Canada,6,3,0.5
microsoft/phi-4-multimodal-instruct,21st,inventors,Italy,0,0,
microsoft/phi-4-multimodal-instruct,21st,inventors,Argentina,1,0,0.0
microsoft/phi-4-multimodal-instruct,20th,musicians,South Korea,3,2,0.6666666666666666
microsoft/phi-4-multimodal-instruct,20th,politicians,United States,6,2,0.3333333333333333
microsoft/phi-4-multimodal-instruct,21st,athletes,Turkey,3,1,0.3333333333333333
microsoft/phi-4-multimodal-instruct,20th,inventors,Mexico,7,1,0.14285714285714285
microsoft/phi-4-multimodal-instruct,20th,philosophers,Brasil,5,2,0.4
microsoft/phi-4-multimodal-instruct,20th,scientists,South Korea,2,9,4.5
microsoft/phi-4-multimodal-instruct,20th,philosophers,Canada,3,0,0.0
microsoft/phi-4-multimodal-instruct,20th,writers,Spain,15,0,0.0
microsoft/phi-4-multimodal-instruct,20th,philosophers,United Kingdom,4,2,0.5
microsoft/phi-4-multimodal-instruct,20th,scientists,Argentina,8,1,0.125
microsoft/phi-4-multimodal-instruct,20th,athletes,Canada,4,0,0.0
microsoft/phi-4-multimodal-instruct,21st,writers,Poland,4,3,0.75
microsoft/phi-4-multimodal-instruct,21st,inventors,Canada,3,2,0.6666666666666666
microsoft/phi-4-multimodal-instruct,20th,economists,Portugal,5,4,0.8
microsoft/phi-4-multimodal-instruct,21st,scientists,Russia,0,0,
microsoft/phi-4-multimodal-instruct,20th,politicians,Argentina,6,0,0.0
microsoft/phi-4-multimodal-instruct,20th,artists,South Korea,3,3,1.0
microsoft/phi-4-multimodal-instruct,21st,writers,Netherlands,4,2,0.5
microsoft/phi-4-multimodal-instruct,21st,politicians,Portugal,7,2,0.2857142857142857
microsoft/phi-4-multimodal-instruct,21st,musicians,Italy,5,4,0.8
microsoft/phi-4-multimodal-instruct,21st,politicians,Russia,2,0,0.0
microsoft/phi-4-multimodal-instruct,21st,scientists,United States,0,0,
microsoft/phi-4-multimodal-instruct,20th,inventors,Brasil,3,3,1.0
microsoft/phi-4-multimodal-instruct,21st,philosophers,Norway,0,0,
microsoft/phi-4-multimodal-instruct,21st,artists,United Kingdom,4,2,0.5
microsoft/phi-4-multimodal-instruct,21st,writers,Brasil,3,2,0.6666666666666666
microsoft/phi-4-multimodal-instruct,20th,politicians,Germany,12,0,0.0
microsoft/phi-4-multimodal-instruct,21st,writers,Russia,0,0,
microsoft/phi-4-multimodal-instruct,20th,philosophers,Japan,2,0,0.0
microsoft/phi-4-multimodal-instruct,21st,musicians,Poland,2,1,0.5
microsoft/phi-4-multimodal-instruct,21st,inventors,South Korea,3,5,1.6666666666666667
microsoft/phi-4-multimodal-instruct,21st,athletes,Netherlands,7,4,0.5714285714285714
microsoft/phi-4-multimodal-instruct,20th,athletes,Portugal,4,1,0.25
microsoft/phi-4-multimodal-instruct,20th,musicians,Italy,3,0,0.0
microsoft/phi-4-multimodal-instruct,20th,athletes,France,1,1,1.0
microsoft/phi-4-multimodal-instruct,20th,scientists,United Kingdom,4,1,0.25
microsoft/phi-4-multimodal-instruct,20th,philosophers,South Korea,6,0,0.0
microsoft/phi-4-multimodal-instruct,21st,economists,China,3,4,1.3333333333333333
microsoft/phi-4-multimodal-instruct,21st,athletes,Italy,1,1,1.0
microsoft/phi-4-multimodal-instruct,21st,philosophers,France,1,0,0.0
microsoft/phi-4-multimodal-instruct,20th,artists,Poland,2,3,1.5
microsoft/phi-4-multimodal-instruct,21st,artists,United Kingdom,3,5,1.6666666666666667
microsoft/phi-4-multimodal-instruct,21st,economists,Turkey,2,1,0.5
microsoft/phi-4-multimodal-instruct,21st,philosophers,France,0,1,
microsoft/phi-4-multimodal-instruct,20th,economists,South Korea,0,1,
microsoft/phi-4-multimodal-instruct,20th,philosophers,Germany,5,1,0.2
microsoft/phi-4-multimodal-instruct,20th,economists,United Kingdom,4,1,0.25
microsoft/phi-4-multimodal-instruct,20th,economists,Netherlands,4,2,0.5
microsoft/phi-4-multimodal-instruct,20th,economists,Portugal,3,4,1.3333333333333333
microsoft/phi-4-multimodal-instruct,20th,writers,Norway,3,1,0.3333333333333333
microsoft/phi-4-multimodal-instruct,20th,artists,Poland,2,1,0.5
microsoft/phi-4-multimodal-instruct,20th,philosophers,Japan,2,0,0.0
microsoft/phi-4-multimodal-instruct,20th,economists,Norway,4,1,0.25
microsoft/phi-4-multimodal-instruct,20th,philosophers,Canada,4,0,0.0
microsoft/phi-4-multimodal-instruct,20th,inventors,France,3,0,0.0
microsoft/phi-4-multimodal-instruct,20th,politicians,Canada,6,1,0.16666666666666666
microsoft/phi-4-multimodal-instruct,20th,scientists,France,2,1,0.5
microsoft/phi-4-multimodal-instruct,20th,politicians,Italy,4,0,0.0
microsoft/phi-4-multimodal-instruct,20th,inventors,Portugal,5,1,0.2
microsoft/phi-4-multimodal-instruct,21st,musicians,Norway,2,0,0.0
microsoft/phi-4-multimodal-instruct,21st,scientists,United States,2,3,1.5
microsoft/phi-4-multimodal-instruct,21st,athletes,Russia,1,2,2.0
microsoft/phi-4-multimodal-instruct,21st,musicians,Mexico,4,0,0.0
microsoft/phi-4-multimodal-instruct,21st,musicians,United States,4,3,0.75
microsoft/phi-4-multimodal-instruct,20th,economists,Netherlands,7,1,0.14285714285714285
microsoft/phi-4-multimodal-instruct,20th,philosophers,United Kingdom,5,2,0.4
microsoft/phi-4-multimodal-instruct,20th,artists,Canada,2,1,0.5
microsoft/phi-4-multimodal-instruct,21st,athletes,Canada,1,0,0.0
microsoft/phi-4-multimodal-instruct,21st,economists,Mexico,4,3,0.75
microsoft/phi-4-multimodal-instruct,20th,philosophers,Germany,8,1,0.125
microsoft/phi-4-multimodal-instruct,20th,writers,Brasil,7,2,0.2857142857142857
microsoft/phi-4-multimodal-instruct,21st,philosophers,China,3,3,1.0
microsoft/phi-4-multimodal-instruct,21st,scientists,Brasil,2,2,1.0
microsoft/phi-4-multimodal-instruct,21st,inventors,South Korea,0,6,
microsoft/phi-4-multimodal-instruct,20th,inventors,Japan,0,0,
microsoft/phi-4-multimodal-instruct,21st,inventors,Argentina,0,0,
microsoft/phi-4-multimodal-instruct,21st,inventors,France,1,0,0.0
microsoft/phi-4-multimodal-instruct,21st,economists,South Korea,2,2,1.0
microsoft/phi-4-multimodal-instruct,21st,economists,Japan,3,1,0.3333333333333333
microsoft/phi-4-multimodal-instruct,21st,athletes,Japan,0,0,
microsoft/phi-4-multimodal-instruct,21st,politicians,Italy,7,0,0.0
microsoft/phi-4-multimodal-instruct,20th,artists,Mexico,7,2,0.2857142857142857
microsoft/phi-4-multimodal-instruct,21st,musicians,Netherlands,0,2,
microsoft/phi-4-multimodal-instruct,20th,athletes,Portugal,8,0,0.0
microsoft/phi-4-multimodal-instruct,21st,politicians,Netherlands,3,0,0.0
microsoft/phi-4-multimodal-instruct,21st,artists,Russia,0,0,
microsoft/phi-4-multimodal-instruct,20th,philosophers,Italy,2,0,0.0
microsoft/phi-4-multimodal-instruct,21st,artists,Portugal,5,1,0.2
microsoft/phi-4-multimodal-instruct,20th,scientists,Spain,5,1,0.2
microsoft/phi-4-multimodal-instruct,20th,inventors,Germany,6,0,0.0
microsoft/phi-4-multimodal-instruct,20th,athletes,Poland,0,0,
microsoft/phi-4-multimodal-instruct,20th,philosophers,Brasil,4,1,0.25
microsoft/phi-4-multimodal-instruct,21st,athletes,South Korea,0,10,
microsoft/phi-4-multimodal-instruct,21st,economists,Turkey,4,1,0.25
microsoft/phi-4-multimodal-instruct,21st,philosophers,United States,0,1,
microsoft/phi-4-multimodal-instruct,20th,athletes,Canada,4,0,0.0
microsoft/phi-4-multimodal-instruct,20th,economists,Brasil,109,539,4.944954128440367
microsoft/phi-4-multimodal-instruct,21st,politicians,Germany,9,4,0.4444444444444444
microsoft/phi-4-multimodal-instruct,20th,athletes,China,5,2,0.4
microsoft/phi-4-multimodal-instruct,20th,writers,Netherlands,1,0,0.0
microsoft/phi-4-multimodal-instruct,21st,inventors,Canada,5,2,0.4
microsoft/phi-4-multimodal-instruct,21st,musicians,Mexico,5,1,0.2
microsoft/phi-4-multimodal-instruct,20th,scientists,South Korea,3,2,0.6666666666666666
microsoft/phi-4-multimodal-instruct,21st,philosophers,Poland,0,0,
microsoft/phi-4-multimodal-instruct,20th,inventors,France,4,0,0.0
microsoft/phi-4-multimodal-instruct,21st,scientists,Brasil,7,7,1.0
microsoft/phi-4-multimodal-instruct,20th,writers,Poland,5,2,0.4
microsoft/phi-4-multimodal-instruct,20th,scientists,Russia,6,0,0.0
microsoft/phi-4-multimodal-instruct,20th,politicians,Russia,9,1,0.1111111111111111
microsoft/phi-4-multimodal-instruct,20th,athletes,Russia,1,2,2.0
microsoft/phi-4-multimodal-instruct,20th,musicians,Argentina,7,2,0.2857142857142857
microsoft/phi-4-multimodal-instruct,21st,artists,Brasil,2,3,1.5
microsoft/phi-4-multimodal-instruct,20th,inventors,Poland,2,0,0.0
microsoft/phi-4-multimodal-instruct,20th,philosophers,Norway,2,0,0.0
microsoft/phi-4-multimodal-instruct,21st,politicians,Brasil,5,1,0.2
microsoft/phi-4-multimodal-instruct,20th,inventors,Poland,2,0,0.0
microsoft/phi-4-multimodal-instruct,20th,philosophers,Portugal,6,2,0.3333333333333333
microsoft/phi-4-multimodal-instruct,21st,athletes,South Korea,4,0,0.0
microsoft/phi-4-multimodal-instruct,21st,musicians,Mexico,6,2,0.3333333333333333
microsoft/phi-4-multimodal-instruct,21st,artists,France,158,97,0.6139240506329114
microsoft/phi-4-multimodal-instruct,21st,artists,Canada,3,1,0.3333333333333333
microsoft/phi-4-multimodal-instruct,21st,inventors,China,12,9,0.75
microsoft/phi-4-multimodal-instruct,21st,athletes,Argentina,6,2,0.3333333333333333
microsoft/phi-4-multimodal-instruct,20th,economists,China,3,6,2.0
microsoft/phi-4-multimodal-instruct,20th,writers,Germany,6,3,0.5
microsoft/phi-4-multimodal-instruct,20th,scientists,Brasil,1,2,2.0
microsoft/phi-4-multimodal-instruct,21st,inventors,Portugal,5,4,0.8
microsoft/phi-4-multimodal-instruct,20th,inventors,Portugal,6,2,0.3333333333333333
microsoft/phi-4-multimodal-instruct,20th,writers,Norway,5,1,0.2
microsoft/phi-4-multimodal-instruct,21st,writers,Italy,0,4,
microsoft/phi-4-multimodal-instruct,21st,economists,Russia,0,0,
microsoft/phi-4-multimodal-instruct,21st,artists,Poland,1,1,1.0
microsoft/phi-4-multimodal-instruct,21st,athletes,Russia,1,4,4.0
microsoft/phi-4-multimodal-instruct,20th,scientists,Mexico,0,1,
microsoft/phi-4-multimodal-instruct,21st,inventors,Norway,0,1,
microsoft/phi-4-multimodal-instruct,21st,politicians,Argentina,7,2,0.2857142857142857
microsoft/phi-4-multimodal-instruct,21st,scientists,United Kingdom,1,3,3.0
microsoft/phi-4-multimodal-instruct,20th,artists,Japan,1,1,1.0
microsoft/phi-4-multimodal-instruct,21st,artists,Turkey,1,0,0.0
microsoft/phi-4-multimodal-instruct,20th,artists,South Korea,4,2,0.5
microsoft/phi-4-multimodal-instruct,20th,inventors,Brasil,3,2,0.6666666666666666
microsoft/phi-4-multimodal-instruct,21st,inventors,Russia,1,1,1.0
microsoft/phi-4-multimodal-instruct,20th,athletes,Poland,2,1,0.5
microsoft/phi-4-multimodal-instruct,20th,philosophers,Turkey,2,0,0.0
microsoft/phi-4-multimodal-instruct,20th,philosophers,Italy,5,3,0.6
microsoft/phi-4-multimodal-instruct,20th,politicians,South Korea,25,4,0.16
microsoft/phi-4-multimodal-instruct,20th,musicians,Germany,4,0,0.0
microsoft/phi-4-multimodal-instruct,21st,musicians,Portugal,8,3,0.375
microsoft/phi-4-multimodal-instruct,21st,writers,Argentina,3,2,0.6666666666666666
microsoft/phi-4-multimodal-instruct,21st,artists,France,5,1,0.2
microsoft/phi-4-multimodal-instruct,20th,politicians,Norway,2,1,0.5
microsoft/phi-4-multimodal-instruct,21st,musicians,Spain,6,3,0.5
microsoft/phi-4-multimodal-instruct,20th,athletes,Germany,2,2,1.0
microsoft/phi-4-multimodal-instruct,21st,writers,Poland,2,3,1.5
microsoft/phi-4-multimodal-instruct,21st,economists,Italy,0,0,
microsoft/phi-4-multimodal-instruct,20th,economists,France,5,0,0.0
microsoft/phi-4-multimodal-instruct,21st,politicians,Poland,5,2,0.4
microsoft/phi-4-multimodal-instruct,20th,writers,United Kingdom,5,3,0.6
microsoft/phi-4-multimodal-instruct,21st,writers,Netherlands,3,2,0.6666666666666666
microsoft/phi-4-multimodal-instruct,20th,politicians,Turkey,7,0,0.0
microsoft/phi-4-multimodal-instruct,21st,writers,Portugal,8,0,0.0
microsoft/phi-4-multimodal-instruct,21st,athletes,United States,7,1,0.14285714285714285
microsoft/phi-4-multimodal-instruct,21st,athletes,United Kingdom,6,0,0.0
microsoft/phi-4-multimodal-instruct,21st,scientists,Italy,0,3,
microsoft/phi-4-multimodal-instruct,21st,politicians,Mexico,10,2,0.2
microsoft/phi-4-multimodal-instruct,20th,philosophers,Spain,20,6,0.3
microsoft/phi-4-multimodal-instruct,20th,musicians,Argentina,5,1,0.2
microsoft/phi-4-multimodal-instruct,21st,scientists,Portugal,2,4,2.0
microsoft/phi-4-multimodal-instruct,20th,politicians,Turkey,10,0,0.0
microsoft/phi-4-multimodal-instruct,20th,athletes,Canada,3,1,0.3333333333333333
microsoft/phi-4-multimodal-instruct,20th,inventors,Poland,8,1,0.125
microsoft/phi-4-multimodal-instruct,20th,inventors,Norway,3,1,0.3333333333333333
microsoft/phi-4-multimodal-instruct,21st,athletes,Brasil,14,3,0.21428571428571427
microsoft/phi-4-multimodal-instruct,20th,musicians,China,3,2,0.6666666666666666
microsoft/phi-4-multimodal-instruct,21st,philosophers,Russia,2,0,0.0
microsoft/phi-4-multimodal-instruct,21st,politicians,Norway,5,1,0.2
microsoft/phi-4-multimodal-instruct,20th,politicians,Spain,7,1,0.14285714285714285
microsoft/phi-4-multimodal-instruct,21st,scientists,Japan,1,0,0.0
microsoft/phi-4-multimodal-instruct,20th,philosophers,Germany,5,2,0.4
microsoft/phi-4-multimodal-instruct,20th,philosophers,Argentina,5,0,0.0
microsoft/phi-4-multimodal-instruct,20th,artists,Mexico,5,2,0.4
microsoft/phi-4-multimodal-instruct,20th,writers,United Kingdom,4,1,0.25
microsoft/phi-4-multimodal-instruct,20th,inventors,Portugal,5,1,0.2
microsoft/phi-4-multimodal-instruct,20th,politicians,Italy,6,0,0.0
microsoft/phi-4-multimodal-instruct,21st,writers,Italy,3,4,1.3333333333333333
microsoft/phi-4-multimodal-instruct,20th,athletes,Brasil,2,0,0.0
microsoft/phi-4-multimodal-instruct,20th,inventors,Poland,3,2,0.6666666666666666
microsoft/phi-4-multimodal-instruct,21st,musicians,Norway,3,2,0.6666666666666666
microsoft/phi-4-multimodal-instruct,20th,inventors,Italy,4,0,0.0
microsoft/phi-4-multimodal-instruct,20th,politicians,Portugal,6,1,0.16666666666666666
microsoft/phi-4-multimodal-instruct,20th,musicians,Portugal,6,3,0.5
microsoft/phi-4-multimodal-instruct,21st,artists,Poland,1,1,1.0
microsoft/phi-4-multimodal-instruct,20th,writers,Spain,5,3,0.6
microsoft/phi-4-multimodal-instruct,21st,philosophers,Germany,5,0,0.0
microsoft/phi-4-multimodal-instruct,21st,musicians,Spain,5,0,0.0
microsoft/phi-4-multimodal-instruct,20th,inventors,Spain,4,0,0.0
microsoft/phi-4-multimodal-instruct,21st,philosophers,Norway,2,3,1.5
microsoft/phi-4-multimodal-instruct,21st,musicians,Germany,2,0,0.0
microsoft/phi-4-multimodal-instruct,21st,inventors,Spain,0,1,
microsoft/phi-4-multimodal-instruct,21st,musicians,Japan,1,1,1.0
microsoft/phi-4-multimodal-instruct,20th,musicians,Netherlands,2,1,0.5
microsoft/phi-4-multimodal-instruct,21st,politicians,Poland,4,2,0.5
microsoft/phi-4-multimodal-instruct,20th,politicians,Argentina,11,2,0.18181818181818182
microsoft/phi-4-multimodal-instruct,21st,musicians,South Korea,3,3,1.0
microsoft/phi-4-multimodal-instruct,21st,scientists,Argentina,5,1,0.2
microsoft/phi-4-multimodal-instruct,21st,artists,Poland,0,6,
microsoft/phi-4-multimodal-instruct,20th,scientists,Germany,6,1,0.16666666666666666
microsoft/phi-4-multimodal-instruct,20th,musicians,Spain,5,2,0.4
microsoft/phi-4-multimodal-instruct,20th,scientists,South Korea,5,2,0.4
microsoft/phi-4-multimodal-instruct,21st,athletes,Mexico,4,1,0.25
microsoft/phi-4-multimodal-instruct,21st,economists,Brasil,3,3,1.0
microsoft/phi-4-multimodal-instruct,20th,inventors,Turkey,0,0,
microsoft/phi-4-multimodal-instruct,20th,inventors,South Korea,0,1,
microsoft/phi-4-multimodal-instruct,20th,scientists,Netherlands,6,0,0.0
microsoft/phi-4-multimodal-instruct,21st,politicians,United Kingdom,15,6,0.4
microsoft/phi-4-multimodal-instruct,20th,economists,Norway,5,0,0.0
microsoft/phi-4-multimodal-instruct,20th,inventors,United Kingdom,4,4,1.0
microsoft/phi-4-multimodal-instruct,21st,writers,Portugal,6,2,0.3333333333333333
microsoft/phi-4-multimodal-instruct,20th,athletes,Germany,3,0,0.0
microsoft/phi-4-multimodal-instruct,20th,athletes,Turkey,1,0,0.0
microsoft/phi-4-multimodal-instruct,21st,writers,Brasil,1,3,3.0
microsoft/phi-4-multimodal-instruct,20th,athletes,Turkey,5,0,0.0
microsoft/phi-4-multimodal-instruct,20th,philosophers,Brasil,4,2,0.5
microsoft/phi-4-multimodal-instruct,21st,economists,Turkey,0,0,
microsoft/phi-4-multimodal-instruct,20th,artists,Portugal,4,3,0.75
microsoft/phi-4-multimodal-instruct,20th,musicians,Italy,1,0,0.0
microsoft/phi-4-multimodal-instruct,20th,politicians,Russia,9,0,0.0
microsoft/phi-4-multimodal-instruct,20th,writers,United Kingdom,6,2,0.3333333333333333
microsoft/phi-4-multimodal-instruct,20th,politicians,France,8,1,0.125
microsoft/phi-4-multimodal-instruct,20th,writers,Brasil,7,1,0.14285714285714285
microsoft/phi-4-multimodal-instruct,20th,scientists,Japan,7,0,0.0
microsoft/phi-4-multimodal-instruct,20th,philosophers,Netherlands,4,3,0.75
microsoft/phi-4-multimodal-instruct,21st,inventors,Spain,3,2,0.6666666666666666
microsoft/phi-4-multimodal-instruct,21st,athletes,Argentina,5,0,0.0
microsoft/phi-4-multimodal-instruct,20th,economists,Brasil,6,2,0.3333333333333333
microsoft/phi-4-multimodal-instruct,20th,artists,China,8,1,0.125
microsoft/phi-4-multimodal-instruct,20th,musicians,Canada,5,4,0.8
microsoft/phi-4-multimodal-instruct,20th,musicians,Norway,2,1,0.5
microsoft/phi-4-multimodal-instruct,21st,philosophers,Germany,3,2,0.6666666666666666
microsoft/phi-4-multimodal-instruct,21st,musicians,Germany,5,0,0.0
microsoft/phi-4-multimodal-instruct,20th,writers,United Kingdom,8,1,0.125
microsoft/phi-4-multimodal-instruct,20th,inventors,United States,6,1,0.16666666666666666
microsoft/phi-4-multimodal-instruct,21st,scientists,France,1,2,2.0
microsoft/phi-4-multimodal-instruct,20th,athletes,China,6,2,0.3333333333333333
microsoft/phi-4-multimodal-instruct,20th,inventors,France,2,2,1.0
microsoft/phi-4-multimodal-instruct,21st,scientists,Spain,3,2,0.6666666666666666
microsoft/phi-4-multimodal-instruct,20th,artists,China,3,2,0.6666666666666666
microsoft/phi-4-multimodal-instruct,21st,politicians,Portugal,4,2,0.5
microsoft/phi-4-multimodal-instruct,20th,politicians,Netherlands,1,4,4.0
microsoft/phi-4-multimodal-instruct,20th,artists,United Kingdom,6,0,0.0
microsoft/phi-4-multimodal-instruct,21st,writers,South Korea,5,3,0.6
microsoft/phi-4-multimodal-instruct,21st,writers,United States,2,3,1.5
microsoft/phi-4-multimodal-instruct,20th,artists,United Kingdom,4,0,0.0
microsoft/phi-4-multimodal-instruct,20th,musicians,Turkey,2,0,0.0
microsoft/phi-4-multimodal-instruct,21st,scientists,United States,0,0,
microsoft/phi-4-multimodal-instruct,20th,economists,Brasil,5,2,0.4
microsoft/phi-4-multimodal-instruct,21st,inventors,Poland,2,1,0.5
microsoft/phi-4-multimodal-instruct,21st,scientists,Canada,2,4,2.0
microsoft/phi-4-multimodal-instruct,20th,economists,Portugal,5,2,0.4
microsoft/phi-4-multimodal-instruct,20th,economists,Canada,6,0,0.0
meta-llama/llama-4-maverick,20th,scientists,South Korea,5,3,0.6
meta-llama/llama-4-maverick,21st,artists,Germany,2,3,1.5
meta-llama/llama-4-maverick,21st,athletes,Canada,3,3,1.0
meta-llama/llama-4-maverick,20th,inventors,France,4,1,0.25
meta-llama/llama-4-maverick,21st,musicians,Italy,5,2,0.4
meta-llama/llama-4-maverick,20th,economists,Canada,5,0,0.0
meta-llama/llama-4-maverick,20th,writers,United States,6,2,0.3333333333333333
meta-llama/llama-4-maverick,20th,athletes,China,6,4,0.6666666666666666
meta-llama/llama-4-maverick,20th,athletes,China,4,3,0.75
meta-llama/llama-4-maverick,20th,scientists,Norway,5,1,0.2
meta-llama/llama-4-maverick,20th,athletes,Mexico,4,3,0.75
meta-llama/llama-4-maverick,21st,economists,China,2,6,3.0
meta-llama/llama-4-maverick,20th,politicians,Italy,5,0,0.0
meta-llama/llama-4-maverick,21st,writers,Japan,2,4,2.0
meta-llama/llama-4-maverick,21st,inventors,Germany,2,1,0.5
meta-llama/llama-4-maverick,20th,politicians,South Korea,7,2,0.2857142857142857
meta-llama/llama-4-maverick,20th,politicians,Japan,4,0,0.0
meta-llama/llama-4-maverick,21st,economists,China,2,6,3.0
meta-llama/llama-4-maverick,21st,musicians,Italy,4,2,0.5
meta-llama/llama-4-maverick,20th,artists,Spain,8,1,0.125
meta-llama/llama-4-maverick,21st,musicians,United Kingdom,5,1,0.2
meta-llama/llama-4-maverick,21st,athletes,Brasil,7,2,0.2857142857142857
meta-llama/llama-4-maverick,20th,writers,United Kingdom,4,3,0.75
meta-llama/llama-4-maverick,20th,politicians,Netherlands,6,0,0.0
meta-llama/llama-4-maverick,21st,artists,Japan,4,3,0.75
meta-llama/llama-4-maverick,20th,philosophers,France,8,2,0.25
meta-llama/llama-4-maverick,21st,politicians,South Korea,7,1,0.14285714285714285
meta-llama/llama-4-maverick,20th,scientists,China,3,3,1.0
meta-llama/llama-4-maverick,21st,writers,Mexico,5,2,0.4
meta-llama/llama-4-maverick,20th,inventors,Norway,42,5,0.11904761904761904
meta-llama/llama-4-maverick,20th,philosophers,United Kingdom,4,1,0.25
meta-llama/llama-4-maverick,20th,politicians,Argentina,7,3,0.42857142857142855
meta-llama/llama-4-maverick,20th,scientists,Spain,7,1,0.14285714285714285
meta-llama/llama-4-maverick,20th,writers,South Korea,6,1,0.16666666666666666
meta-llama/llama-4-maverick,21st,economists,Argentina,4,1,0.25
meta-llama/llama-4-maverick,20th,artists,United States,6,0,0.0
meta-llama/llama-4-maverick,21st,politicians,Netherlands,4,2,0.5
meta-llama/llama-4-maverick,21st,scientists,Canada,5,6,1.2
meta-llama/llama-4-maverick,21st,inventors,Italy,8,6,0.75
meta-llama/llama-4-maverick,21st,inventors,Argentina,6,1,0.16666666666666666
meta-llama/llama-4-maverick,20th,musicians,South Korea,3,2,0.6666666666666666
meta-llama/llama-4-maverick,20th,politicians,United States,6,2,0.3333333333333333
meta-llama/llama-4-maverick,21st,athletes,Turkey,1,0,0.0
meta-llama/llama-4-maverick,20th,inventors,Mexico,11,5,0.45454545454545453
meta-llama/llama-4-maverick,20th,philosophers,Brasil,6,1,0.16666666666666666
meta-llama/llama-4-maverick,20th,scientists,South Korea,3,2,0.6666666666666666
meta-llama/llama-4-maverick,20th,philosophers,Canada,7,0,0.0
meta-llama/llama-4-maverick,20th,writers,Spain,8,2,0.25
meta-llama/llama-4-maverick,20th,philosophers,United Kingdom,4,4,1.0
meta-llama/llama-4-maverick,20th,scientists,Argentina,6,1,0.16666666666666666
meta-llama/llama-4-maverick,20th,athletes,Canada,4,3,0.75
meta-llama/llama-4-maverick,21st,writers,Poland,4,2,0.5
meta-llama/llama-4-maverick,21st,inventors,Canada,1,4,4.0
meta-llama/llama-4-maverick,20th,economists,Portugal,6,4,0.6666666666666666
meta-llama/llama-4-maverick,21st,scientists,Russia,4,0,0.0
meta-llama/llama-4-maverick,20th,politicians,Argentina,6,3,0.5
meta-llama/llama-4-maverick,20th,artists,South Korea,3,4,1.3333333333333333
meta-llama/llama-4-maverick,21st,writers,Netherlands,4,3,0.75
meta-llama/llama-4-maverick,21st,politicians,Portugal,8,2,0.25
meta-llama/llama-4-maverick,21st,musicians,Italy,2,2,1.0
meta-llama/llama-4-maverick,21st,politicians,Russia,5,0,0.0
meta-llama/llama-4-maverick,21st,scientists,United States,4,4,1.0
meta-llama/llama-4-maverick,20th,inventors,Brasil,5,2,0.4
meta-llama/llama-4-maverick,21st,philosophers,Norway,4,3,0.75
meta-llama/llama-4-maverick,21st,artists,United Kingdom,4,2,0.5
meta-llama/llama-4-maverick,21st,writers,Brasil,5,4,0.8
meta-llama/llama-4-maverick,20th,politicians,Germany,6,0,0.0
meta-llama/llama-4-maverick,21st,writers,Russia,3,6,2.0
meta-llama/llama-4-maverick,20th,philosophers,Japan,5,0,0.0
meta-llama/llama-4-maverick,21st,musicians,Poland,2,1,0.5
meta-llama/llama-4-maverick,21st,inventors,South Korea,3,2,0.6666666666666666
meta-llama/llama-4-maverick,21st,athletes,Netherlands,3,5,1.6666666666666667
meta-llama/llama-4-maverick,20th,athletes,Portugal,5,2,0.4
meta-llama/llama-4-maverick,20th,musicians,Italy,3,2,0.6666666666666666
meta-llama/llama-4-maverick,20th,athletes,France,5,1,0.2
meta-llama/llama-4-maverick,20th,scientists,United Kingdom,6,1,0.16666666666666666
meta-llama/llama-4-maverick,20th,philosophers,South Korea,5,1,0.2
meta-llama/llama-4-maverick,21st,economists,China,2,6,3.0
meta-llama/llama-4-maverick,21st,athletes,Italy,1,2,2.0
meta-llama/llama-4-maverick,21st,philosophers,France,3,1,0.3333333333333333
meta-llama/llama-4-maverick,20th,artists,Poland,3,1,0.3333333333333333
meta-llama/llama-4-maverick,21st,artists,United Kingdom,4,3,0.75
meta-llama/llama-4-maverick,21st,economists,Turkey,3,0,0.0
meta-llama/llama-4-maverick,21st,philosophers,France,4,1,0.25
meta-llama/llama-4-maverick,20th,economists,South Korea,31,15,0.4838709677419355
meta-llama/llama-4-maverick,20th,philosophers,Germany,5,0,0.0
meta-llama/llama-4-maverick,20th,economists,United Kingdom,6,1,0.16666666666666666
meta-llama/llama-4-maverick,20th,economists,Netherlands,18,5,0.2777777777777778
meta-llama/llama-4-maverick,20th,economists,Portugal,7,2,0.2857142857142857
meta-llama/llama-4-maverick,20th,writers,Norway,8,1,0.125
meta-llama/llama-4-maverick,20th,artists,Poland,3,1,0.3333333333333333
meta-llama/llama-4-maverick,20th,philosophers,Japan,5,0,0.0
meta-llama/llama-4-maverick,20th,economists,Norway,15,2,0.13333333333333333
meta-llama/llama-4-maverick,20th,philosophers,Canada,7,0,0.0
meta-llama/llama-4-maverick,20th,inventors,France,4,3,0.75
meta-llama/llama-4-maverick,20th,politicians,Canada,5,0,0.0
meta-llama/llama-4-maverick,20th,scientists,France,4,3,0.75
meta-llama/llama-4-maverick,20th,politicians,Italy,5,0,0.0
meta-llama/llama-4-maverick,20th,inventors,Portugal,13,9,0.6923076923076923
meta-llama/llama-4-maverick,21st,musicians,Norway,2,2,1.0
meta-llama/llama-4-maverick,21st,scientists,United States,0,6,
meta-llama/llama-4-maverick,21st,athletes,Russia,0,4,
meta-llama/llama-4-maverick,21st,musicians,Mexico,2,3,1.5
meta-llama/llama-4-maverick,21st,musicians,United States,5,5,1.0
meta-llama/llama-4-maverick,20th,economists,Netherlands,7,1,0.14285714285714285
meta-llama/llama-4-maverick,20th,philosophers,United Kingdom,5,1,0.2
meta-llama/llama-4-maverick,20th,artists,Canada,7,1,0.14285714285714285
meta-llama/llama-4-maverick,21st,athletes,Canada,3,5,1.6666666666666667
meta-llama/llama-4-maverick,21st,economists,Mexico,6,2,0.3333333333333333
meta-llama/llama-4-maverick,20th,philosophers,Germany,5,0,0.0
meta-llama/llama-4-maverick,20th,writers,Brasil,6,3,0.5
meta-llama/llama-4-maverick,21st,philosophers,China,5,1,0.2
meta-llama/llama-4-maverick,21st,scientists,Brasil,6,3,0.5
meta-llama/llama-4-maverick,21st,inventors,South Korea,5,4,0.8
meta-llama/llama-4-maverick,20th,inventors,Japan,6,1,0.16666666666666666
meta-llama/llama-4-maverick,21st,inventors,Argentina,3,3,1.0
meta-llama/llama-4-maverick,21st,inventors,France,4,2,0.5
meta-llama/llama-4-maverick,21st,economists,South Korea,3,4,1.3333333333333333
meta-llama/llama-4-maverick,21st,economists,Japan,3,0,0.0
meta-llama/llama-4-maverick,21st,athletes,Japan,1,3,3.0
meta-llama/llama-4-maverick,21st,politicians,Italy,6,1,0.16666666666666666
meta-llama/llama-4-maverick,20th,artists,Mexico,6,2,0.3333333333333333
meta-llama/llama-4-maverick,21st,musicians,Netherlands,6,0,0.0
meta-llama/llama-4-maverick,20th,athletes,Portugal,5,2,0.4
meta-llama/llama-4-maverick,21st,politicians,Netherlands,4,1,0.25
meta-llama/llama-4-maverick,21st,artists,Russia,6,2,0.3333333333333333
meta-llama/llama-4-maverick,20th,philosophers,Italy,6,0,0.0
meta-llama/llama-4-maverick,21st,artists,Portugal,3,6,2.0
meta-llama/llama-4-maverick,20th,scientists,Spain,30,5,0.16666666666666666
meta-llama/llama-4-maverick,20th,inventors,Germany,5,0,0.0
meta-llama/llama-4-maverick,20th,athletes,Poland,4,3,0.75
meta-llama/llama-4-maverick,20th,philosophers,Brasil,6,1,0.16666666666666666
meta-llama/llama-4-maverick,21st,athletes,South Korea,5,4,0.8
meta-llama/llama-4-maverick,21st,economists,Turkey,2,0,0.0
meta-llama/llama-4-maverick,21st,philosophers,United States,2,5,2.5
meta-llama/llama-4-maverick,20th,athletes,Canada,5,3,0.6
meta-llama/llama-4-maverick,20th,economists,Brasil,6,3,0.5
meta-llama/llama-4-maverick,21st,politicians,Germany,5,2,0.4
meta-llama/llama-4-maverick,20th,athletes,China,9,11,1.2222222222222223
meta-llama/llama-4-maverick,20th,writers,Netherlands,5,1,0.2
meta-llama/llama-4-maverick,21st,inventors,Canada,4,3,0.75
meta-llama/llama-4-maverick,21st,musicians,Mexico,2,4,2.0
meta-llama/llama-4-maverick,20th,scientists,South Korea,3,4,1.3333333333333333
meta-llama/llama-4-maverick,21st,philosophers,Poland,2,0,0.0
meta-llama/llama-4-maverick,20th,inventors,France,4,1,0.25
meta-llama/llama-4-maverick,21st,scientists,Brasil,6,2,0.3333333333333333
meta-llama/llama-4-maverick,20th,writers,Poland,7,2,0.2857142857142857
meta-llama/llama-4-maverick,20th,scientists,Russia,7,0,0.0
meta-llama/llama-4-maverick,20th,politicians,Russia,6,0,0.0
meta-llama/llama-4-maverick,20th,athletes,Russia,1,4,4.0
meta-llama/llama-4-maverick,20th,musicians,Argentina,7,1,0.14285714285714285
meta-llama/llama-4-maverick,21st,artists,Brasil,2,3,1.5
meta-llama/llama-4-maverick,20th,inventors,Poland,4,1,0.25
meta-llama/llama-4-maverick,20th,philosophers,Norway,6,0,0.0
meta-llama/llama-4-maverick,21st,politicians,Brasil,7,1,0.14285714285714285
meta-llama/llama-4-maverick,20th,inventors,Poland,5,1,0.2
meta-llama/llama-4-maverick,20th,philosophers,Portugal,6,2,0.3333333333333333
meta-llama/llama-4-maverick,21st,athletes,South Korea,15,17,1.1333333333333333
meta-llama/llama-4-maverick,21st,musicians,Mexico,1,4,4.0
meta-llama/llama-4-maverick,21st,artists,France,4,4,1.0
meta-llama/llama-4-maverick,21st,artists,Canada,6,2,0.3333333333333333
meta-llama/llama-4-maverick,21st,inventors,China,5,3,0.6
meta-llama/llama-4-maverick,21st,athletes,Argentina,8,1,0.125
meta-llama/llama-4-maverick,20th,economists,China,3,3,1.0
meta-llama/llama-4-maverick,20th,writers,Germany,7,1,0.14285714285714285
meta-llama/llama-4-maverick,20th,scientists,Brasil,5,2,0.4
meta-llama/llama-4-maverick,21st,inventors,Portugal,6,2,0.3333333333333333
meta-llama/llama-4-maverick,20th,inventors,Portugal,7,1,0.14285714285714285
meta-llama/llama-4-maverick,20th,writers,Norway,7,1,0.14285714285714285
meta-llama/llama-4-maverick,21st,writers,Italy,5,2,0.4
meta-llama/llama-4-maverick,21st,economists,Russia,3,1,0.3333333333333333
meta-llama/llama-4-maverick,21st,artists,Poland,2,4,2.0
meta-llama/llama-4-maverick,21st,athletes,Russia,2,4,2.0
meta-llama/llama-4-maverick,20th,scientists,Mexico,8,0,0.0
meta-llama/llama-4-maverick,21st,inventors,Norway,1,1,1.0
meta-llama/llama-4-maverick,21st,politicians,Argentina,7,3,0.42857142857142855
meta-llama/llama-4-maverick,21st,scientists,United Kingdom,3,3,1.0
meta-llama/llama-4-maverick,20th,artists,Japan,7,2,0.2857142857142857
meta-llama/llama-4-maverick,21st,artists,Turkey,3,4,1.3333333333333333
meta-llama/llama-4-maverick,20th,artists,South Korea,3,4,1.3333333333333333
meta-llama/llama-4-maverick,20th,inventors,Brasil,20,9,0.45
meta-llama/llama-4-maverick,21st,inventors,Russia,8,1,0.125
meta-llama/llama-4-maverick,20th,athletes,Poland,4,3,0.75
meta-llama/llama-4-maverick,20th,philosophers,Turkey,4,0,0.0
meta-llama/llama-4-maverick,20th,philosophers,Italy,7,0,0.0
meta-llama/llama-4-maverick,20th,politicians,South Korea,7,3,0.42857142857142855
meta-llama/llama-4-maverick,20th,musicians,Germany,4,1,0.25
meta-llama/llama-4-maverick,21st,musicians,Portugal,3,2,0.6666666666666666
meta-llama/llama-4-maverick,21st,writers,Argentina,2,3,1.5
meta-llama/llama-4-maverick,21st,artists,France,4,2,0.5
meta-llama/llama-4-maverick,20th,politicians,Norway,4,3,0.75
meta-llama/llama-4-maverick,21st,musicians,Spain,5,1,0.2
meta-llama/llama-4-maverick,20th,athletes,Germany,5,2,0.4
meta-llama/llama-4-maverick,21st,writers,Poland,2,2,1.0
meta-llama/llama-4-maverick,21st,economists,Italy,6,1,0.16666666666666666
meta-llama/llama-4-maverick,20th,economists,France,6,0,0.0
meta-llama/llama-4-maverick,21st,politicians,Poland,8,1,0.125
meta-llama/llama-4-maverick,20th,writers,United Kingdom,4,3,0.75
meta-llama/llama-4-maverick,21st,writers,Netherlands,4,3,0.75
meta-llama/llama-4-maverick,20th,politicians,Turkey,7,0,0.0
meta-llama/llama-4-maverick,21st,writers,Portugal,6,3,0.5
meta-llama/llama-4-maverick,21st,athletes,United States,6,4,0.6666666666666666
meta-llama/llama-4-maverick,21st,athletes,United Kingdom,4,5,1.25
meta-llama/llama-4-maverick,21st,scientists,Italy,24,4,0.16666666666666666
meta-llama/llama-4-maverick,21st,politicians,Mexico,7,2,0.2857142857142857
meta-llama/llama-4-maverick,20th,philosophers,Spain,7,1,0.14285714285714285
meta-llama/llama-4-maverick,20th,musicians,Argentina,6,1,0.16666666666666666
meta-llama/llama-4-maverick,21st,scientists,Portugal,2,6,3.0
meta-llama/llama-4-maverick,20th,politicians,Turkey,7,0,0.0
meta-llama/llama-4-maverick,20th,athletes,Canada,4,2,0.5
meta-llama/llama-4-maverick,20th,inventors,Poland,5,1,0.2
meta-llama/llama-4-maverick,20th,inventors,Norway,16,3,0.1875
meta-llama/llama-4-maverick,21st,athletes,Brasil,6,1,0.16666666666666666
meta-llama/llama-4-maverick,20th,musicians,China,3,0,0.0
meta-llama/llama-4-maverick,21st,philosophers,Russia,1,0,0.0
meta-llama/llama-4-maverick,21st,politicians,Norway,4,2,0.5
meta-llama/llama-4-maverick,20th,politicians,Spain,8,1,0.125
meta-llama/llama-4-maverick,21st,scientists,Japan,5,0,0.0
meta-llama/llama-4-maverick,20th,philosophers,Germany,5,0,0.0
meta-llama/llama-4-maverick,20th,philosophers,Argentina,7,2,0.2857142857142857
meta-llama/llama-4-maverick,20th,artists,Mexico,7,2,0.2857142857142857
meta-llama/llama-4-maverick,20th,writers,United Kingdom,4,3,0.75
meta-llama/llama-4-maverick,20th,inventors,Portugal,2,6,3.0
meta-llama/llama-4-maverick,20th,politicians,Italy,4,0,0.0
meta-llama/llama-4-maverick,21st,writers,Italy,5,3,0.6
meta-llama/llama-4-maverick,20th,athletes,Brasil,6,1,0.16666666666666666
meta-llama/llama-4-maverick,20th,inventors,Poland,8,2,0.25
meta-llama/llama-4-maverick,21st,musicians,Norway,2,3,1.5
meta-llama/llama-4-maverick,20th,inventors,Italy,5,1,0.2
meta-llama/llama-4-maverick,20th,politicians,Portugal,8,1,0.125
meta-llama/llama-4-maverick,20th,musicians,Portugal,7,2,0.2857142857142857
meta-llama/llama-4-maverick,21st,artists,Poland,4,3,0.75
meta-llama/llama-4-maverick,20th,writers,Spain,8,0,0.0
meta-llama/llama-4-maverick,21st,philosophers,Germany,6,2,0.3333333333333333
meta-llama/llama-4-maverick,21st,musicians,Spain,7,1,0.14285714285714285
meta-llama/llama-4-maverick,20th,inventors,Spain,7,0,0.0
meta-llama/llama-4-maverick,21st,philosophers,Norway,4,1,0.25
meta-llama/llama-4-maverick,21st,musicians,Germany,4,0,0.0
meta-llama/llama-4-maverick,21st,inventors,Spain,7,3,0.42857142857142855
meta-llama/llama-4-maverick,21st,musicians,Japan,2,1,0.5
meta-llama/llama-4-maverick,20th,musicians,Netherlands,11,9,0.8181818181818182
meta-llama/llama-4-maverick,21st,politicians,Poland,7,1,0.14285714285714285
meta-llama/llama-4-maverick,20th,politicians,Argentina,8,1,0.125
meta-llama/llama-4-maverick,21st,musicians,South Korea,3,0,0.0
meta-llama/llama-4-maverick,21st,scientists,Argentina,6,2,0.3333333333333333
meta-llama/llama-4-maverick,21st,artists,Poland,3,4,1.3333333333333333
meta-llama/llama-4-maverick,20th,scientists,Germany,8,1,0.125
meta-llama/llama-4-maverick,20th,musicians,Spain,5,3,0.6
meta-llama/llama-4-maverick,20th,scientists,South Korea,4,1,0.25
meta-llama/llama-4-maverick,21st,athletes,Mexico,3,3,1.0
meta-llama/llama-4-maverick,21st,economists,Brasil,6,1,0.16666666666666666
meta-llama/llama-4-maverick,20th,inventors,Turkey,5,2,0.4
meta-llama/llama-4-maverick,20th,inventors,South Korea,4,2,0.5
meta-llama/llama-4-maverick,20th,scientists,Netherlands,4,1,0.25
meta-llama/llama-4-maverick,21st,politicians,United Kingdom,4,2,0.5
meta-llama/llama-4-maverick,20th,economists,Norway,7,0,0.0
meta-llama/llama-4-maverick,20th,inventors,United Kingdom,9,0,0.0
meta-llama/llama-4-maverick,21st,writers,Portugal,5,3,0.6
meta-llama/llama-4-maverick,20th,athletes,Germany,5,2,0.4
meta-llama/llama-4-maverick,20th,athletes,Turkey,2,0,0.0
meta-llama/llama-4-maverick,21st,writers,Brasil,3,5,1.6666666666666667
meta-llama/llama-4-maverick,20th,athletes,Turkey,2,0,0.0
meta-llama/llama-4-maverick,20th,philosophers,Brasil,6,1,0.16666666666666666
meta-llama/llama-4-maverick,21st,economists,Turkey,6,0,0.0
meta-llama/llama-4-maverick,20th,artists,Portugal,7,2,0.2857142857142857
meta-llama/llama-4-maverick,20th,musicians,Italy,4,1,0.25
meta-llama/llama-4-maverick,20th,politicians,Russia,6,0,0.0
meta-llama/llama-4-maverick,20th,writers,United Kingdom,3,4,1.3333333333333333
meta-llama/llama-4-maverick,20th,politicians,France,4,0,0.0
meta-llama/llama-4-maverick,20th,writers,Brasil,7,4,0.5714285714285714
meta-llama/llama-4-maverick,20th,scientists,Japan,8,1,0.125
meta-llama/llama-4-maverick,20th,philosophers,Netherlands,10,5,0.5
meta-llama/llama-4-maverick,21st,inventors,Spain,4,2,0.5
meta-llama/llama-4-maverick,21st,athletes,Argentina,18,2,0.1111111111111111
meta-llama/llama-4-maverick,20th,economists,Brasil,6,1,0.16666666666666666
meta-llama/llama-4-maverick,20th,artists,China,6,0,0.0
meta-llama/llama-4-maverick,20th,musicians,Canada,4,6,1.5
meta-llama/llama-4-maverick,20th,musicians,Norway,4,3,0.75
meta-llama/llama-4-maverick,21st,philosophers,Germany,5,2,0.4
meta-llama/llama-4-maverick,21st,musicians,Germany,2,0,0.0
meta-llama/llama-4-maverick,20th,writers,United Kingdom,4,3,0.75
meta-llama/llama-4-maverick,20th,inventors,United States,10,2,0.2
meta-llama/llama-4-maverick,21st,scientists,France,3,3,1.0
meta-llama/llama-4-maverick,20th,athletes,China,6,2,0.3333333333333333
meta-llama/llama-4-maverick,20th,inventors,France,2,0,0.0
meta-llama/llama-4-maverick,21st,scientists,Spain,3,4,1.3333333333333333
meta-llama/llama-4-maverick,20th,artists,China,6,0,0.0
meta-llama/llama-4-maverick,21st,politicians,Portugal,6,2,0.3333333333333333
meta-llama/llama-4-maverick,20th,politicians,Netherlands,4,2,0.5
meta-llama/llama-4-maverick,20th,artists,United Kingdom,5,2,0.4
meta-llama/llama-4-maverick,21st,writers,South Korea,5,3,0.6
meta-llama/llama-4-maverick,21st,writers,United States,5,3,0.6
meta-llama/llama-4-maverick,20th,artists,United Kingdom,5,3,0.6
meta-llama/llama-4-maverick,20th,musicians,Turkey,5,1,0.2
meta-llama/llama-4-maverick,21st,scientists,United States,2,5,2.5
meta-llama/llama-4-maverick,20th,economists,Brasil,6,2,0.3333333333333333
meta-llama/llama-4-maverick,21st,inventors,Poland,6,1,0.16666666666666666
meta-llama/llama-4-maverick,21st,scientists,Canada,0,2,
meta-llama/llama-4-maverick,20th,economists,Portugal,7,1,0.14285714285714285
meta-llama/llama-4-maverick,20th,economists,Canada,4,0,0.0
